4/1/2000,1973.27
5/1/2000,1830.21
6/1/2000,1751.13
7/1/2000,1782.36
10/1/2000,1834.44
11/1/2000,1839.56
12/1/2000,1823.19
13/1/2000,1814.32
14/1/2000,1805.55
17/1/2000,1807.04
18/1/2000,1828.92
19/1/2000,1777.21
20/1/2000,1770.66
21/1/2000,1762.97
24/1/2000,1770.53
25/1/2000,1759.92
26/1/2000,1798.21
27/1/2000,1848.8
28/1/2000,1880.34
31/1/2000,1811.38
1/2/2000,1826.81
2/2/2000,1846
3/2/2000,1871.39
8/2/2000,1899.65
9/2/2000,1965.53
10/2/2000,1966.09
11/2/2000,2020.38
14/2/2000,1996.06
15/2/2000,1949.46
16/2/2000,1985.95
17/2/2000,1978.79
18/2/2000,1942.06
21/2/2000,1907.62
22/2/2000,1891.66
23/2/2000,1909.48
24/2/2000,1979.94
25/2/2000,1991.37
28/2/2000,1956.69
29/2/2000,1986.42
1/3/2000,1949.67
2/3/2000,1967.85
3/3/2000,2012.08
6/3/2000,2077.88
7/3/2000,2088.27
8/3/2000,2099.74
9/3/2000,2064.94
10/3/2000,2083.7
13/3/2000,1998.16
14/3/2000,1975.81
15/3/2000,1958.83
16/3/2000,1908.14
17/3/2000,1987.98
20/3/2000,2004.42
21/3/2000,1999.4
22/3/2000,2034.84
23/3/2000,2056.7
24/3/2000,2069.94
27/3/2000,2125.3
28/3/2000,2121.61
29/3/2000,2098.9
30/3/2000,2031.31
31/3/2000,2018.35
3/4/2000,1952.33
5/4/2000,1873.45
6/4/2000,1899.88
7/4/2000,1960.41
10/4/2000,1949.29
11/4/2000,1913.89
12/4/2000,1923.3
13/4/2000,1893.3
14/4/2000,1870.38
17/4/2000,1700.72
18/4/2000,1762.63
19/4/2000,1775.68
20/4/2000,1769.78
25/4/2000,1765.14
26/4/2000,1751.16
27/4/2000,1748.97
28/4/2000,1788.8
2/5/2000,1828.38
3/5/2000,1800.24
4/5/2000,1769.27
5/5/2000,1766.82
8/5/2000,1722.69
9/5/2000,1710.11
10/5/2000,1675.79
12/5/2000,1742.66
15/5/2000,1724.64
16/5/2000,1758.39
17/5/2000,1725.2
18/5/2000,1673.86
19/5/2000,1691.86
22/5/2000,1651.19
23/5/2000,1656.92
24/5/2000,1616.35
25/5/2000,1605.34
26/5/2000,1582.08
29/5/2000,1613
30/5/2000,1612.75
31/5/2000,1688.62
1/6/2000,1716.79
2/6/2000,1757.79
5/6/2000,1822.03
7/6/2000,1828.88
8/6/2000,1823.52
9/6/2000,1850.18
12/6/2000,1845.14
13/6/2000,1807.38
14/6/2000,1824.58
15/6/2000,1847.26
16/6/2000,1886.18
19/6/2000,1872.02
20/6/2000,1850.7
21/6/2000,1864.41
22/6/2000,1834.12
23/6/2000,1808.42
26/6/2000,1830.36
27/6/2000,1847.92
28/6/2000,1878.24
29/6/2000,1861.78
30/6/2000,1849.33
3/7/2000,1848.79
4/7/2000,1867.17
5/7/2000,1892.44
6/7/2000,1888.72
7/7/2000,1923.03
10/7/2000,1966.39
11/7/2000,1981.63
12/7/2000,2007.88
13/7/2000,2000.61
14/7/2000,2020.2
17/7/2000,2044.97
18/7/2000,1999.78
19/7/2000,2025.3
20/7/2000,2037.73
21/7/2000,2058.64
24/7/2000,2035.95
25/7/2000,2001.86
26/7/2000,2027.02
27/7/2000,2004.76
28/7/2000,1970.48
31/7/2000,1936.86
1/8/2000,1958.33
2/8/2000,1994.91
3/8/2000,1996.51
4/8/2000,2013.06
7/8/2000,2042.98
8/8/2000,1987.66
9/8/2000,1982.06
10/8/2000,1996.01
11/8/2000,1983.96
14/8/2000,1964.94
15/8/2000,2012.61
16/8/2000,2042.01
17/8/2000,2034.74
18/8/2000,2015.9
21/8/2000,2021.51
22/8/2000,2036.07
23/8/2000,2004.05
24/8/2000,2004.32
25/8/2000,1982.95
28/8/2000,1963.16
29/8/2000,1983.1
30/8/2000,1969.17
31/8/2000,1968.55
1/9/2000,1994.74
4/9/2000,2038.28
5/9/2000,2026.26
6/9/2000,2025.09
7/9/2000,2004.56
8/9/2000,1987.69
11/9/2000,1956.09
12/9/2000,1912.37
14/9/2000,1885.07
15/9/2000,1871.11
18/9/2000,1788.82
19/9/2000,1798.26
20/9/2000,1801.19
21/9/2000,1741.27
22/9/2000,1676.49
25/9/2000,1766.68
26/9/2000,1755.65
27/9/2000,1773.42
28/9/2000,1772.52
29/9/2000,1800.7
3/10/2000,1807.9
4/10/2000,1822.33
5/10/2000,1856.25
9/10/2000,1802
10/10/2000,1787.43
11/10/2000,1739.42
12/10/2000,1732.33
13/10/2000,1683.16
16/10/2000,1714.03
17/10/2000,1700.91
18/10/2000,1650.14
19/10/2000,1645.47
20/10/2000,1715.73
23/10/2000,1719.5
24/10/2000,1698.57
25/10/2000,1713.23
26/10/2000,1707.63
27/10/2000,1699.83
30/10/2000,1690.87
31/10/2000,1703.3
1/11/2000,1756.15
2/11/2000,1749.19
3/11/2000,1786.73
6/11/2000,1796.63
7/11/2000,1812.83
8/11/2000,1793.86
9/11/2000,1779.45
10/11/2000,1766.42
13/11/2000,1699.34
14/11/2000,1739.27
15/11/2000,1733.91
16/11/2000,1752.81
17/11/2000,1740.41
20/11/2000,1756.14
21/11/2000,1740.5
22/11/2000,1695.98
23/11/2000,1672.73
24/11/2000,1646.95
27/11/2000,1667.68
28/11/2000,1657.83
29/11/2000,1611.65
30/11/2000,1591.55
1/12/2000,1647.92
4/12/2000,1660.16
5/12/2000,1662.18
6/12/2000,1720.83
7/12/2000,1709.66
8/12/2000,1726.74
11/12/2000,1747.84
12/12/2000,1740.88
13/12/2000,1773.7
14/12/2000,1760.16
15/12/2000,1701.24
18/12/2000,1703.68
19/12/2000,1714.38
20/12/2000,1690.67
21/12/2000,1661.88
22/12/2000,1670.84
27/12/2000,1670.22
28/12/2000,1676.25
29/12/2000,1709.45
2/1/2001,1686.4
3/1/2001,1655.67
4/1/2001,1727.9
5/1/2001,1748.62
8/1/2001,1750.45
9/1/2001,1756.49
10/1/2001,1750.72
11/1/2001,1708.68
12/1/2001,1731.96
15/1/2001,1729.9
16/1/2001,1734.88
17/1/2001,1721.75
18/1/2001,1757.27
19/1/2001,1801.04
22/1/2001,1821.49
23/1/2001,1816.18
29/1/2001,1822.44
30/1/2001,1799.02
31/1/2001,1819.28
1/2/2001,1825.86
2/2/2001,1816.93
5/2/2001,1789.85
6/2/2001,1798.17
7/2/2001,1810.53
8/2/2001,1794.81
9/2/2001,1796.36
12/2/2001,1782.15
13/2/2001,1797.11
14/2/2001,1797.84
15/2/2001,1786.76
16/2/2001,1775.26
19/2/2001,1764.54
20/2/2001,1770.47
21/2/2001,1750
22/2/2001,1722.88
23/2/2001,1745.13
26/2/2001,1741.55
27/2/2001,1704.71
28/2/2001,1696.82
1/3/2001,1645.09
2/3/2001,1600.1
5/3/2001,1618.53
6/3/2001,1641.9
7/3/2001,1627.6
8/3/2001,1630.29
9/3/2001,1624.94
12/3/2001,1575.9
13/3/2001,1544.65
14/3/2001,1526.64
15/3/2001,1543.97
16/3/2001,1547.5
19/3/2001,1541.52
20/3/2001,1514.9
21/3/2001,1508.97
22/3/2001,1448.5
23/3/2001,1447.39
26/3/2001,1486.49
27/3/2001,1457.82
28/3/2001,1471.52
29/3/2001,1453.11
30/3/2001,1466.11
2/4/2001,1467.38
3/4/2001,1448.72
4/4/2001,1389.59
6/4/2001,1427.08
9/4/2001,1409.86
10/4/2001,1413.92
11/4/2001,1465.42
12/4/2001,1493.98
17/4/2001,1456.77
18/4/2001,1504.5
19/4/2001,1564.62
20/4/2001,1551.31
23/4/2001,1540.44
24/4/2001,1538.23
25/4/2001,1533.39
26/4/2001,1538.51
27/4/2001,1553.08
2/5/2001,1604.18
3/5/2001,1590.17
4/5/2001,1555.75
7/5/2001,1583.57
8/5/2001,1577.46
9/5/2001,1586.24
10/5/2001,1586.07
11/5/2001,1587.43
14/5/2001,1548.4
15/5/2001,1551.58
16/5/2001,1565.07
17/5/2001,1594.62
18/5/2001,1576.88
21/5/2001,1603.49
22/5/2001,1623.15
23/5/2001,1619.68
24/5/2001,1619.08
25/5/2001,1621.59
28/5/2001,1625.15
29/5/2001,1611.16
30/5/2001,1584.39
31/5/2001,1557.86
1/6/2001,1555.71
4/6/2001,1570.77
5/6/2001,1596.14
6/6/2001,1605.11
7/6/2001,1618.1
8/6/2001,1629.87
11/6/2001,1617.36
12/6/2001,1600.19
13/6/2001,1595.45
14/6/2001,1559.11
15/6/2001,1543.9
18/6/2001,1526.11
19/6/2001,1545.78
20/6/2001,1526.45
21/6/2001,1558.79
22/6/2001,1556.67
26/6/2001,1535.28
27/6/2001,1538.67
28/6/2001,1517.14
29/6/2001,1538.91
3/7/2001,1552.77
4/7/2001,1555.72
5/7/2001,1530.78
9/7/2001,1494.47
10/7/2001,1498.84
11/7/2001,1477.35
12/7/2001,1493.65
13/7/2001,1486.7
16/7/2001,1485.44
17/7/2001,1466.41
18/7/2001,1459.17
19/7/2001,1440.6
20/7/2001,1446.54
23/7/2001,1439.09
24/7/2001,1439.79
26/7/2001,1422.73
27/7/2001,1437.17
30/7/2001,1426.88
31/7/2001,1449.92
1/8/2001,1468.74
2/8/2001,1465.74
3/8/2001,1441.89
6/8/2001,1425.03
7/8/2001,1410.68
8/8/2001,1404.9
9/8/2001,1378.98
10/8/2001,1385.25
13/8/2001,1376.7
14/8/2001,1410.56
15/8/2001,1427.4
16/8/2001,1394.43
17/8/2001,1387.15
20/8/2001,1355.38
21/8/2001,1355.03
22/8/2001,1326.92
23/8/2001,1342.46
24/8/2001,1316.33
27/8/2001,1329.27
28/8/2001,1334.08
29/8/2001,1326.38
30/8/2001,1333.4
31/8/2001,1310.58
3/9/2001,1288.52
4/9/2001,1312.79
5/9/2001,1293.91
6/9/2001,1265.44
7/9/2001,1233.09
10/9/2001,1230
11/9/2001,1235.23
12/9/2001,1124.62
13/9/2001,1135.61
14/9/2001,1143.06
17/9/2001,1100.58
18/9/2001,1098.87
19/9/2001,1129.17
20/9/2001,1103.17
21/9/2001,1061.7
24/9/2001,1102.52
25/9/2001,1095.38
26/9/2001,1110.9
27/9/2001,1135.71
28/9/2001,1173.69
3/10/2001,1170.96
4/10/2001,1214.68
5/10/2001,1214.48
8/10/2001,1180.97
9/10/2001,1225.75
10/10/2001,1220.02
11/10/2001,1244.6
12/10/2001,1214.43
15/10/2001,1198.69
16/10/2001,1201.09
17/10/2001,1214.72
18/10/2001,1173.64
19/10/2001,1168.43
22/10/2001,1166.35
23/10/2001,1214.68
24/10/2001,1217.38
26/10/2001,1234.49
29/10/2001,1211.76
30/10/2001,1203.8
31/10/2001,1204.17
1/11/2001,1214.34
2/11/2001,1215.38
5/11/2001,1243.07
6/11/2001,1234.13
7/11/2001,1221.92
8/11/2001,1250.79
9/11/2001,1259.43
12/11/2001,1257.4
13/11/2001,1264.36
14/11/2001,1296.68
15/11/2001,1326.74
16/11/2001,1330.93
19/11/2001,1339.19
20/11/2001,1324.82
21/11/2001,1319.95
22/11/2001,1329.36
23/11/2001,1339.25
26/11/2001,1346.82
27/11/2001,1333.18
28/11/2001,1310.53
29/11/2001,1312.97
30/11/2001,1333.21
3/12/2001,1321.84
4/12/2001,1350.69
5/12/2001,1378.44
6/12/2001,1386.89
7/12/2001,1396.68
10/12/2001,1392.77
11/12/2001,1383.17
12/12/2001,1396.78
13/12/2001,1358.49
14/12/2001,1352.79
17/12/2001,1352.06
18/12/2001,1352.97
19/12/2001,1361.76
20/12/2001,1367.18
21/12/2001,1319.64
24/12/2001,1325.71
27/12/2001,1341.27
28/12/2001,1348.47
31/12/2001,1346.16
2/1/2002,1343.69
3/1/2002,1352.8
4/1/2002,1382.45
7/1/2002,1405.62
8/1/2002,1386.89
9/1/2002,1356.5
10/1/2002,1338.4
11/1/2002,1329.07
14/1/2002,1331.82
15/1/2002,1309.87
16/1/2002,1304.86
17/1/2002,1310.32
18/1/2002,1307.5
21/1/2002,1310.15
22/1/2002,1287.43
23/1/2002,1283.73
24/1/2002,1282.33
25/1/2002,1287.87
28/1/2002,1289.11
29/1/2002,1314.82
30/1/2002,1286.96
31/1/2002,1282.92
1/2/2002,1278.44
4/2/2002,1281.31
5/2/2002,1269.57
6/2/2002,1269.2
7/2/2002,1249.34
8/2/2002,1261.71
11/2/2002,1297.48
15/2/2002,1311.41
18/2/2002,1319.38
19/2/2002,1302.14
20/2/2002,1293.53
21/2/2002,1297.45
22/2/2002,1284.18
25/2/2002,1264.16
26/2/2002,1269.37
27/2/2002,1280.77
28/2/2002,1262.7
1/3/2002,1255.72
4/3/2002,1286.36
5/3/2002,1317.05
6/3/2002,1318.74
7/3/2002,1340.25
8/3/2002,1344.92
11/3/2002,1355.54
12/3/2002,1352.66
13/3/2002,1345.37
14/3/2002,1353.96
15/3/2002,1343.09
18/3/2002,1345.38
19/3/2002,1344.31
20/3/2002,1325.13
21/3/2002,1302.7
22/3/2002,1307.51
25/3/2002,1304.82
26/3/2002,1297.69
27/3/2002,1321.58
28/3/2002,1326.22
2/4/2002,1309.93
3/4/2002,1305.35
4/4/2002,1306.05
8/4/2002,1295.74
9/4/2002,1296.68
10/4/2002,1286.23
11/4/2002,1297.29
12/4/2002,1295.09
15/4/2002,1299.04
16/4/2002,1305.2
17/4/2002,1338.16
18/4/2002,1351.62
19/4/2002,1355.54
22/4/2002,1344.37
23/4/2002,1366.34
24/4/2002,1372.03
25/4/2002,1372.04
26/4/2002,1370.45
29/4/2002,1368.96
30/4/2002,1384.17
2/5/2002,1417.87
3/5/2002,1421.03
6/5/2002,1415.77
7/5/2002,1422.77
8/5/2002,1418.81
9/5/2002,1411.95
10/5/2002,1405.54
13/5/2002,1415.4
14/5/2002,1411.16
15/5/2002,1427.57
16/5/2002,1428.09
17/5/2002,1444.03
21/5/2002,1421.98
22/5/2002,1425.48
23/5/2002,1406.44
24/5/2002,1407.27
27/5/2002,1401.27
28/5/2002,1402.53
29/5/2002,1385.64
30/5/2002,1378.94
31/5/2002,1370.93
3/6/2002,1376.9
4/6/2002,1371.09
5/6/2002,1381.81
6/6/2002,1380.56
7/6/2002,1370.35
10/6/2002,1371.62
11/6/2002,1364.26
12/6/2002,1356.71
13/6/2002,1354.95
14/6/2002,1335.19
17/6/2002,1316.68
18/6/2002,1317.64
19/6/2002,1294.42
20/6/2002,1303.71
21/6/2002,1286.79
24/6/2002,1297.5
25/6/2002,1291.05
26/6/2002,1260.9
27/6/2002,1280.36
28/6/2002,1291.34
2/7/2002,1279.94
3/7/2002,1292.18
4/7/2002,1313.08
5/7/2002,1316.93
8/7/2002,1315.71
9/7/2002,1319.67
10/7/2002,1313.48
11/7/2002,1286.96
12/7/2002,1297.07
15/7/2002,1288.97
16/7/2002,1269.47
17/7/2002,1256.43
18/7/2002,1267.47
19/7/2002,1251.52
22/7/2002,1222.09
23/7/2002,1245.95
24/7/2002,1206.86
25/7/2002,1196.95
26/7/2002,1179.07
29/7/2002,1202.29
30/7/2002,1225.82
31/7/2002,1239.06
1/8/2002,1227.62
2/8/2002,1204.4
5/8/2002,1186.2
6/8/2002,1165.71
7/8/2002,1198.72
8/8/2002,1197.14
9/8/2002,1202.97
12/8/2002,1193.62
13/8/2002,1209.14
14/8/2002,1193.14
15/8/2002,1221.97
16/8/2002,1227.79
19/8/2002,1227.65
20/8/2002,1245.43
21/8/2002,1246.15
22/8/2002,1250.42
23/8/2002,1231.31
26/8/2002,1228.14
27/8/2002,1221.44
28/8/2002,1214.34
29/8/2002,1206.9
30/8/2002,1205.89
2/9/2002,1190.61
3/9/2002,1178.15
4/9/2002,1180.76
5/9/2002,1170.67
6/9/2002,1168.93
9/9/2002,1169.57
10/9/2002,1188.07
11/9/2002,1187.84
12/9/2002,1190.27
13/9/2002,1162.29
16/9/2002,1144.27
17/9/2002,1166.86
18/9/2002,1140.35
19/9/2002,1135.94
20/9/2002,1124.17
23/9/2002,1122.02
24/9/2002,1108.85
25/9/2002,1100.24
26/9/2002,1116.5
27/9/2002,1119.95
30/9/2002,1095.45
2/10/2002,1098.54
3/10/2002,1082.91
4/10/2002,1090.07
7/10/2002,1075.23
8/10/2002,1079.72
9/10/2002,1079.18
10/10/2002,1064.54
11/10/2002,1076.68
15/10/2002,1118
16/10/2002,1133.03
17/10/2002,1147.85
18/10/2002,1153.57
21/10/2002,1146.72
22/10/2002,1144.26
23/10/2002,1173.88
24/10/2002,1172.92
25/10/2002,1165.78
28/10/2002,1180.32
29/10/2002,1153.26
30/10/2002,1145.77
31/10/2002,1132.35
1/11/2002,1128.93
4/11/2002,1163.55
5/11/2002,1156.19
6/11/2002,1168.88
7/11/2002,1177.3
8/11/2002,1170.08
11/11/2002,1149.53
12/11/2002,1152.36
13/11/2002,1152.69
14/11/2002,1166.08
15/11/2002,1181.41
18/11/2002,1185.72
19/11/2002,1190.37
20/11/2002,1190.12
21/11/2002,1194.08
22/11/2002,1202.28
25/11/2002,1207
26/11/2002,1195.75
27/11/2002,1190.14
28/11/2002,1213.26
29/11/2002,1205.19
2/12/2002,1223.2
3/12/2002,1227.21
4/12/2002,1201.58
5/12/2002,1202.93
6/12/2002,1199.42
9/12/2002,1187.48
10/12/2002,1186.74
11/12/2002,1179.09
12/12/2002,1183.98
13/12/2002,1174.62
16/12/2002,1166.87
17/12/2002,1174.88
18/12/2002,1156.63
19/12/2002,1157.02
20/12/2002,1165.3
23/12/2002,1159.7
24/12/2002,1158.82
27/12/2002,1146
30/12/2002,1124.49
31/12/2002,1130.24
2/1/2003,1136.01
3/1/2003,1161.29
6/1/2003,1170.62
7/1/2003,1170.09
8/1/2003,1175.48
9/1/2003,1175.88
10/1/2003,1182.99
13/1/2003,1197.32
14/1/2003,1192.9
15/1/2003,1200.41
16/1/2003,1184.55
17/1/2003,1170.55
20/1/2003,1163.53
21/1/2003,1168.8
22/1/2003,1167.38
23/1/2003,1169.17
24/1/2003,1154.5
27/1/2003,1135.17
28/1/2003,1140.17
29/1/2003,1131.8
30/1/2003,1134.58
4/2/2003,1135.55
5/2/2003,1129.13
6/2/2003,1123.86
7/2/2003,1126.29
10/2/2003,1133.85
11/2/2003,1129.92
12/2/2003,1145.34
13/2/2003,1128.31
14/2/2003,1129.74
17/2/2003,1150.22
18/2/2003,1151.95
19/2/2003,1155.94
20/2/2003,1152.15
21/2/2003,1136.04
24/2/2003,1135.2
25/2/2003,1125.05
26/2/2003,1121.46
27/2/2003,1123.03
28/2/2003,1121.9
3/3/2003,1138.03
4/3/2003,1128.21
5/3/2003,1119.66
6/3/2003,1099.92
7/3/2003,1092.55
10/3/2003,1085.56
11/3/2003,1086.03
12/3/2003,1090.51
13/3/2003,1082.28
14/3/2003,1101.35
17/3/2003,1084.13
18/3/2003,1111.65
19/3/2003,1124.68
20/3/2003,1128.89
21/3/2003,1127.63
24/3/2003,1119.4
25/3/2003,1113.73
26/3/2003,1113.18
27/3/2003,1093.94
28/3/2003,1094.74
31/3/2003,1066.64
1/4/2003,1061.41
2/4/2003,1074.01
3/4/2003,1068.83
4/4/2003,1087.71
7/4/2003,1102.64
8/4/2003,1085.4
9/4/2003,1065.67
10/4/2003,1063.98
11/4/2003,1066.67
14/4/2003,1052.82
15/4/2003,1062.9
16/4/2003,1067.45
17/4/2003,1057
22/4/2003,1054.42
23/4/2003,1045.08
24/4/2003,1034.48
25/4/2003,1031.29
28/4/2003,1036.48
29/4/2003,1073.07
30/4/2003,1070.77
2/5/2003,1081.46
5/5/2003,1096.46
6/5/2003,1093.33
7/5/2003,1093.53
9/5/2003,1111.51
12/5/2003,1121.22
13/5/2003,1119.77
14/5/2003,1117.97
15/5/2003,1121.08
16/5/2003,1118.45
19/5/2003,1119.27
20/5/2003,1116.47
21/5/2003,1120.31
22/5/2003,1130.81
23/5/2003,1149.48
26/5/2003,1173.96
27/5/2003,1163.98
28/5/2003,1173.99
29/5/2003,1172.01
30/5/2003,1171.92
2/6/2003,1190.25
3/6/2003,1193.35
5/6/2003,1191.44
6/6/2003,1198.02
9/6/2003,1204.32
10/6/2003,1201.42
11/6/2003,1198.13
12/6/2003,1208.12
13/6/2003,1224.12
16/6/2003,1224.16
17/6/2003,1243.1
18/6/2003,1235.23
19/6/2003,1237.76
20/6/2003,1232.32
23/6/2003,1209.26
24/6/2003,1196.45
25/6/2003,1198.92
26/6/2003,1196.65
27/6/2003,1203.37
30/6/2003,1193.87
2/7/2003,1197.25
3/7/2003,1203.22
4/7/2003,1202.5
7/7/2003,1233.59
8/7/2003,1245.08
9/7/2003,1252.69
10/7/2003,1247.25
11/7/2003,1239.28
14/7/2003,1266.45
15/7/2003,1267.2
16/7/2003,1276.34
17/7/2003,1259.8
18/7/2003,1265.87
21/7/2003,1262.59
22/7/2003,1250.43
23/7/2003,1235.09
24/7/2003,1238.83
25/7/2003,1241.34
28/7/2003,1266.73
29/7/2003,1275.47
30/7/2003,1265.77
31/7/2003,1269.6
1/8/2003,1285.38
4/8/2003,1281.31
5/8/2003,1278.79
6/8/2003,1254.32
7/8/2003,1250.82
8/8/2003,1250.51
11/8/2003,1270.04
12/8/2003,1282.47
13/8/2003,1297.1
14/8/2003,1306.27
15/8/2003,1311.3
18/8/2003,1326.06
19/8/2003,1323.05
20/8/2003,1320.88
21/8/2003,1341.86
22/8/2003,1357.66
25/8/2003,1352.26
26/8/2003,1349
27/8/2003,1342.84
28/8/2003,1354
29/8/2003,1374.78
1/9/2003,1378.36
2/9/2003,1381.68
3/9/2003,1406.3
4/9/2003,1409.31
5/9/2003,1412.09
8/9/2003,1412.03
9/9/2003,1393.03
10/9/2003,1362.21
11/9/2003,1376.34
15/9/2003,1390.9
16/9/2003,1399.04
17/9/2003,1404.88
18/9/2003,1392.94
19/9/2003,1381.34
22/9/2003,1368.97
23/9/2003,1379.41
24/9/2003,1423.86
25/9/2003,1423.26
26/9/2003,1423.92
29/9/2003,1407.06
30/9/2003,1418.92
2/10/2003,1455.75
3/10/2003,1465.4
6/10/2003,1480.35
7/10/2003,1478.69
8/10/2003,1478.63
9/10/2003,1491.87
10/10/2003,1508.2
13/10/2003,1514.09
14/10/2003,1500.49
15/10/2003,1524.25
16/10/2003,1525.19
17/10/2003,1526.94
20/10/2003,1540.66
21/10/2003,1553.53
22/10/2003,1551.82
23/10/2003,1485.68
24/10/2003,1487.43
27/10/2003,1492.35
28/10/2003,1535.54
29/10/2003,1540.83
30/10/2003,1541.01
31/10/2003,1547.5
3/11/2003,1569.77
4/11/2003,1575.81
5/11/2003,1574.74
6/11/2003,1540.24
7/11/2003,1549.6
10/11/2003,1540.2
11/11/2003,1521.65
12/11/2003,1518.17
13/11/2003,1548.51
14/11/2003,1545.99
17/11/2003,1522.12
18/11/2003,1525.4
19/11/2003,1505.13
20/11/2003,1498.24
21/11/2003,1495.62
24/11/2003,1497.12
25/11/2003,1517.44
26/11/2003,1528.11
27/11/2003,1528.93
28/11/2003,1558.89
1/12/2003,1581.04
2/12/2003,1577.59
3/12/2003,1574.16
4/12/2003,1571.5
5/12/2003,1568.39
8/12/2003,1555.15
9/12/2003,1584.35
10/12/2003,1587.13
11/12/2003,1605.18
12/12/2003,1612.63
15/12/2003,1597.51
16/12/2003,1567.78
17/12/2003,1558.22
18/12/2003,1566.56
19/12/2003,1585.76
22/12/2003,1601.06
23/12/2003,1593.84
24/12/2003,1599.81
29/12/2003,1601.81
30/12/2003,1611.45
31/12/2003,1621.61
2/1/2004,1656.5
5/1/2004,1686.6
6/1/2004,1687.52
7/1/2004,1698.1
8/1/2004,1701.25
9/1/2004,1723.83
12/1/2004,1715.94
13/1/2004,1717.34
14/1/2004,1710.94
15/1/2004,1702.55
16/1/2004,1689.27
19/1/2004,1703.39
20/1/2004,1747.19
21/1/2004,1770.8
26/1/2004,1766.78
27/1/2004,1770.41
28/1/2004,1725.97
29/1/2004,1714.37
30/1/2004,1709.62
2/2/2004,1672.46
3/2/2004,1688.64
4/2/2004,1686.71
5/2/2004,1679.24
6/2/2004,1716.89
9/2/2004,1754.69
10/2/2004,1744.44
11/2/2004,1744.06
12/2/2004,1755.54
13/2/2004,1769.89
16/2/2004,1783.78
17/2/2004,1782.97
18/2/2004,1796.71
19/2/2004,1785.14
20/2/2004,1786.18
23/2/2004,1775.11
24/2/2004,1773.01
25/2/2004,1751.5
26/2/2004,1763.77
27/2/2004,1791.41
1/3/2004,1792.72
2/3/2004,1775.42
3/3/2004,1744.18
4/3/2004,1743.45
5/3/2004,1743.56
8/3/2004,1758.13
9/3/2004,1739.12
10/3/2004,1714.97
11/3/2004,1685.58
12/3/2004,1677.52
15/3/2004,1679.54
16/3/2004,1679.26
17/3/2004,1690.58
18/3/2004,1669.86
19/3/2004,1665.93
22/3/2004,1635.13
23/3/2004,1641.16
24/3/2004,1655.29
25/3/2004,1630.33
26/3/2004,1625.01
29/3/2004,1613.45
30/3/2004,1642.47
31/3/2004,1649.2
1/4/2004,1647.88
2/4/2004,1661.33
6/4/2004,1685.12
7/4/2004,1688.84
8/4/2004,1689.82
13/4/2004,1699.05
14/4/2004,1648.29
15/4/2004,1623.15
16/4/2004,1624.4
19/4/2004,1620.51
20/4/2004,1605.36
21/4/2004,1577.25
22/4/2004,1573.25
23/4/2004,1605.94
26/4/2004,1568.41
27/4/2004,1570.54
28/4/2004,1572.55
29/4/2004,1543.14
30/4/2004,1534.23
3/5/2004,1535.02
4/5/2004,1559.2
5/5/2004,1541.95
6/5/2004,1550.32
7/5/2004,1535.59
10/5/2004,1472.12
11/5/2004,1477.92
12/5/2004,1485.13
13/5/2004,1464.78
14/5/2004,1438.96
17/5/2004,1388.71
18/5/2004,1408.23
19/5/2004,1465.54
20/5/2004,1450.79
21/5/2004,1483.91
24/5/2004,1497.28
25/5/2004,1501.26
27/5/2004,1540.63
28/5/2004,1557.08
31/5/2004,1566.08
1/6/2004,1553.41
2/6/2004,1565.18
3/6/2004,1527.49
4/6/2004,1537.38
7/6/2004,1578.22
8/6/2004,1580.81
9/6/2004,1579.12
10/6/2004,1586.66
11/6/2004,1587.09
14/6/2004,1546.14
15/6/2004,1540.48
16/6/2004,1549.41
17/6/2004,1533.86
18/6/2004,1504.28
21/6/2004,1503.54
23/6/2004,1507.49
24/6/2004,1548.03
25/6/2004,1552.12
28/6/2004,1556.44
29/6/2004,1547.73
30/6/2004,1569.91
2/7/2004,1564.09
5/7/2004,1569.48
6/7/2004,1578.21
7/7/2004,1583.84
8/7/2004,1558.63
9/7/2004,1566.95
12/7/2004,1562.83
13/7/2004,1548.04
14/7/2004,1530.42
15/7/2004,1531.14
16/7/2004,1547.82
19/7/2004,1563.17
20/7/2004,1558.47
21/7/2004,1589.52
22/7/2004,1578.97
23/7/2004,1582.08
26/7/2004,1576.65
27/7/2004,1575.02
28/7/2004,1578.46
29/7/2004,1563.25
30/7/2004,1570.01
2/8/2004,1563.85
3/8/2004,1577.56
4/8/2004,1569.71
5/8/2004,1596.59
6/8/2004,1593.69
9/8/2004,1588.85
10/8/2004,1580.69
11/8/2004,1568.52
12/8/2004,1575.25
13/8/2004,1567.57
16/8/2004,1550.81
17/8/2004,1555.26
18/8/2004,1555.93
19/8/2004,1579.14
20/8/2004,1576.14
23/8/2004,1581.43
24/8/2004,1606.77
25/8/2004,1626.84
26/8/2004,1629.15
27/8/2004,1629.88
30/8/2004,1638.16
31/8/2004,1636.72
1/9/2004,1659.53
2/9/2004,1657.01
3/9/2004,1649.18
6/9/2004,1668.91
7/9/2004,1675.9
8/9/2004,1666.81
9/9/2004,1651.95
10/9/2004,1657.29
13/9/2004,1673.32
14/9/2004,1676.27
15/9/2004,1670.67
16/9/2004,1689.38
17/9/2004,1693.12
20/9/2004,1696.55
21/9/2004,1706.45
22/9/2004,1698.63
23/9/2004,1699.54
24/9/2004,1672.46
27/9/2004,1667.93
28/9/2004,1660.56
30/9/2004,1683.31
4/10/2004,1715.72
5/10/2004,1714.61
6/10/2004,1707.19
7/10/2004,1717.28
8/10/2004,1705.59
11/10/2004,1712.45
12/10/2004,1705.44
13/10/2004,1693.4
14/10/2004,1675.18
15/10/2004,1679.41
18/10/2004,1676.46
19/10/2004,1693.21
20/10/2004,1672.18
21/10/2004,1670.57
25/10/2004,1647.24
26/10/2004,1652.62
27/10/2004,1653.52
28/10/2004,1687.6
29/10/2004,1677.24
1/11/2004,1681.55
2/11/2004,1708.89
3/11/2004,1723.46
4/11/2004,1720.28
5/11/2004,1736.42
8/11/2004,1743.77
9/11/2004,1743.02
10/11/2004,1760.45
11/11/2004,1756.43
12/11/2004,1775.88
15/11/2004,1794.88
16/11/2004,1771.2
17/11/2004,1781.94
18/11/2004,1783.02
19/11/2004,1780.86
22/11/2004,1781.31
23/11/2004,1809.87
24/11/2004,1809.68
25/11/2004,1800.77
26/11/2004,1797.76
29/11/2004,1817.07
30/11/2004,1816.33
1/12/2004,1823.5
2/12/2004,1836.79
3/12/2004,1828.04
6/12/2004,1833.66
7/12/2004,1829.79
8/12/2004,1801.63
9/12/2004,1800.61
10/12/2004,1785.53
13/12/2004,1781.87
14/12/2004,1800.09
15/12/2004,1806.44
16/12/2004,1801.48
17/12/2004,1800.39
20/12/2004,1826.04
21/12/2004,1821.61
22/12/2004,1816.47
23/12/2004,1826.92
24/12/2004,1824.29
28/12/2004,1825.81
29/12/2004,1833.75
30/12/2004,1822.3
31/12/2004,1831.99
3/1/2005,1834.74
4/1/2005,1812.78
5/1/2005,1773.15
6/1/2005,1768.47
7/1/2005,1749.59
10/1/2005,1745.69
11/1/2005,1742.08
12/1/2005,1748.45
13/1/2005,1750.53
14/1/2005,1739.92
17/1/2005,1756.35
18/1/2005,1757.13
19/1/2005,1764.98
20/1/2005,1748.99
21/1/2005,1739.32
24/1/2005,1727.42
25/1/2005,1751.96
26/1/2005,1759.57
27/1/2005,1760.57
28/1/2005,1764.52
31/1/2005,1773.8
1/2/2005,1756.38
2/2/2005,1756.34
3/2/2005,1753.56
4/2/2005,1763.17
7/2/2005,1791.09
8/2/2005,1797.54
14/2/2005,1817.25
15/2/2005,1815.36
16/2/2005,1818.78
17/2/2005,1813.42
18/2/2005,1827.49
21/2/2005,1831.03
22/2/2005,1828.14
23/2/2005,1813.23
24/2/2005,1826.69
25/2/2005,1840.56
28/2/2005,1848.66
1/3/2005,1835.28
2/3/2005,1807.27
3/3/2005,1812.76
4/3/2005,1792.88
7/3/2005,1798.53
8/3/2005,1812.69
9/3/2005,1820.58
10/3/2005,1811.1
11/3/2005,1813.11
14/3/2005,1812.85
15/3/2005,1798.33
16/3/2005,1803.51
17/3/2005,1801.71
18/3/2005,1803.37
21/3/2005,1804.13
22/3/2005,1793.45
23/3/2005,1770.13
24/3/2005,1769.47
29/3/2005,1748.76
30/3/2005,1748.58
31/3/2005,1759.39
1/4/2005,1759.62
4/4/2005,1761.79
6/4/2005,1767.76
7/4/2005,1772.76
8/4/2005,1782.31
11/4/2005,1780.24
12/4/2005,1778.1
13/4/2005,1794.44
14/4/2005,1789.19
15/4/2005,1770.29
18/4/2005,1731.57
19/4/2005,1745.42
20/4/2005,1748.85
21/4/2005,1757.96
22/4/2005,1770.02
25/4/2005,1775.75
26/4/2005,1790.81
27/4/2005,1788.12
28/4/2005,1794.25
29/4/2005,1792.11
3/5/2005,1792.49
4/5/2005,1798.02
5/5/2005,1813.24
6/5/2005,1808.3
9/5/2005,1814.64
10/5/2005,1808.04
11/5/2005,1796.71
12/5/2005,1800.02
13/5/2005,1786.81
17/5/2005,1762.18
18/5/2005,1756.87
19/5/2005,1765.1
20/5/2005,1767.87
23/5/2005,1763.8
24/5/2005,1767.32
25/5/2005,1748.83
26/5/2005,1748.95
27/5/2005,1768.12
30/5/2005,1783.19
31/5/2005,1786.01
1/6/2005,1784.33
2/6/2005,1779.07
3/6/2005,1781.26
6/6/2005,1788.48
7/6/2005,1786.43
8/6/2005,1795.55
9/6/2005,1793.33
10/6/2005,1799.58
13/6/2005,1800.58
14/6/2005,1793.62
15/6/2005,1795.47
16/6/2005,1789.47
17/6/2005,1799.2
20/6/2005,1803.2
21/6/2005,1806.81
22/6/2005,1830.45
23/6/2005,1835.6
24/6/2005,1839.98
27/6/2005,1833.9
28/6/2005,1846.17
29/6/2005,1844.14
30/6/2005,1835.45
4/7/2005,1834.84
5/7/2005,1828.77
6/7/2005,1831.4
7/7/2005,1814.33
8/7/2005,1805.89
11/7/2005,1829.58
12/7/2005,1830.29
13/7/2005,1850.63
14/7/2005,1870.68
15/7/2005,1871.39
18/7/2005,1878.81
19/7/2005,1880.6
20/7/2005,1889.93
21/7/2005,1893.97
22/7/2005,1913.08
25/7/2005,1915.07
26/7/2005,1910.97
27/7/2005,1918.51
28/7/2005,1918.97
29/7/2005,1928.1
1/8/2005,1939.63
2/8/2005,1959.52
3/8/2005,1958.14
4/8/2005,1955.72
5/8/2005,1948.16
8/8/2005,1955.17
9/8/2005,1945.82
10/8/2005,1981.03
11/8/2005,1992.26
12/8/2005,1993.31
15/8/2005,1998.05
16/8/2005,1993.8
17/8/2005,1992.61
18/8/2005,1953.86
19/8/2005,1940.34
22/8/2005,1960.57
23/8/2005,1932.43
24/8/2005,1918.49
25/8/2005,1920.05
26/8/2005,1934.72
29/8/2005,1916.34
30/8/2005,1926.54
31/8/2005,1922.79
1/9/2005,1951.7
2/9/2005,1959.12
5/9/2005,1958.47
6/9/2005,1952.5
7/9/2005,1958.45
8/9/2005,1950.19
9/9/2005,1950.8
12/9/2005,1957.3
13/9/2005,1942.64
14/9/2005,1944.61
15/9/2005,1939.92
16/9/2005,1933.51
20/9/2005,1961.02
21/9/2005,1956.64
22/9/2005,1948.87
23/9/2005,1941.84
26/9/2005,1952.51
27/9/2005,1945.11
28/9/2005,1952.89
29/9/2005,1981.89
30/9/2005,1983.84
3/10/2005,1984.27
4/10/2005,1985.14
5/10/2005,1958.08
6/10/2005,1918.25
7/10/2005,1918.31
10/10/2005,1924.66
12/10/2005,1885.99
13/10/2005,1890.15
14/10/2005,1869.95
17/10/2005,1874.11
18/10/2005,1882.81
19/10/2005,1849.49
20/10/2005,1854.13
21/10/2005,1860.32
24/10/2005,1848.01
25/10/2005,1849.52
26/10/2005,1848.18
27/10/2005,1836.71
28/10/2005,1819.08
31/10/2005,1840.03
1/11/2005,1868.54
2/11/2005,1872.67
3/11/2005,1878.27
4/11/2005,1877.8
7/11/2005,1851.1
8/11/2005,1854.25
9/11/2005,1874.58
10/11/2005,1881.35
11/11/2005,1893.15
14/11/2005,1882.64
15/11/2005,1885.52
16/11/2005,1885.43
17/11/2005,1901.99
18/11/2005,1916.06
21/11/2005,1917.91
22/11/2005,1915.44
23/11/2005,1938.38
24/11/2005,1943.79
25/11/2005,1942.03
28/11/2005,1945.84
29/11/2005,1935.53
30/11/2005,1927.28
1/12/2005,1941.73
2/12/2005,1957.26
5/12/2005,1953.35
6/12/2005,1934.72
7/12/2005,1954.49
8/12/2005,1928.99
9/12/2005,1933.28
12/12/2005,1943.27
13/12/2005,1941.28
14/12/2005,1947.31
15/12/2005,1957.71
16/12/2005,1955.06
19/12/2005,1973.76
20/12/2005,1968.81
21/12/2005,1975.23
22/12/2005,1970
23/12/2005,1974.14
28/12/2005,1965.65
29/12/2005,1963.05
30/12/2005,1947.72
3/1/2006,1959.28
4/1/2006,1995.38
5/1/2006,2007.24
6/1/2006,2019.2
9/1/2006,2047.25
10/1/2006,2045.73
11/1/2006,2052.23
12/1/2006,2062.78
13/1/2006,2073.65
16/1/2006,2080.21
17/1/2006,2054.34
18/1/2006,2046.16
19/1/2006,2074.65
20/1/2006,2073.82
23/1/2006,2048.09
24/1/2006,2062.26
25/1/2006,2064.53
26/1/2006,2061.29
27/1/2006,2094.13
1/2/2006,2104.37
2/2/2006,2096.03
3/2/2006,2061.93
6/2/2006,2082.58
7/2/2006,2085
8/2/2006,2059.05
9/2/2006,2061.86
10/2/2006,2065.85
13/2/2006,2054.15
14/2/2006,2070.14
15/2/2006,2071.61
16/2/2006,2070.28
17/2/2006,2074.63
20/2/2006,2092.48
21/2/2006,2096.46
22/2/2006,2103.23
23/2/2006,2122.88
24/2/2006,2124.12
27/2/2006,2133.31
28/2/2006,2127.64
1/3/2006,2118.67
2/3/2006,2131.8
3/3/2006,2126.68
6/3/2006,2124.29
7/3/2006,2091.48
8/3/2006,2067.35
9/3/2006,2071.3
10/3/2006,2063.01
13/3/2006,2080.37
14/3/2006,2080.12
15/3/2006,2106.81
16/3/2006,2110.82
17/3/2006,2119.67
20/3/2006,2132.82
21/3/2006,2140.15
22/3/2006,2110.65
23/3/2006,2127.52
24/3/2006,2128.76
27/3/2006,2149.15
28/3/2006,2151.84
29/3/2006,2142.35
30/3/2006,2160.93
31/3/2006,2155
3/4/2006,2186.63
4/4/2006,2198.81
6/4/2006,2236.48
7/4/2006,2232.52
10/4/2006,2231.19
11/4/2006,2230.7
12/4/2006,2205.34
13/4/2006,2222.56
18/4/2006,2252.11
19/4/2006,2273.61
20/4/2006,2287.15
21/4/2006,2277.28
24/4/2006,2243.67
25/4/2006,2211.86
26/4/2006,2227.77
27/4/2006,2234.26
28/4/2006,2229.39
2/5/2006,2263.26
3/5/2006,2285.71
4/5/2006,2288.19
8/5/2006,2328.64
9/5/2006,2315.28
10/5/2006,2312.28
11/5/2006,2318.34
12/5/2006,2293.65
15/5/2006,2237.7
16/5/2006,2220.47
17/5/2006,2253.97
18/5/2006,2204.7
19/5/2006,2207.53
22/5/2006,2126.63
23/5/2006,2131.39
24/5/2006,2132.41
25/5/2006,2113.25
26/5/2006,2135.22
29/5/2006,2147.61
30/5/2006,2144.38
1/6/2006,2116.18
2/6/2006,2149.73
5/6/2006,2168.7
6/6/2006,2160.85
7/6/2006,2136.56
8/6/2006,2077.42
9/6/2006,2089.48
12/6/2006,2084.73
13/6/2006,2023.86
14/6/2006,2015.29
15/6/2006,2045.83
16/6/2006,2108.53
19/6/2006,2086.99
20/6/2006,2061.22
21/6/2006,2068.12
22/6/2006,2092.55
23/6/2006,2092.55
26/6/2006,2098.71
27/6/2006,2101.75
28/6/2006,2103.89
29/6/2006,2128.46
30/6/2006,2182.73
3/7/2006,2191.01
4/7/2006,2195.76
5/7/2006,2175.25
6/7/2006,2195.03
7/7/2006,2198.65
10/7/2006,2210.28
11/7/2006,2200.62
12/7/2006,2206.79
13/7/2006,2177.17
14/7/2006,2153.69
17/7/2006,2137.97
18/7/2006,2138.41
19/7/2006,2143.59
20/7/2006,2192.13
21/7/2006,2186.95
24/7/2006,2185.27
25/7/2006,2196.92
26/7/2006,2200.64
27/7/2006,2234.83
28/7/2006,2238.51
31/7/2006,2240.5
1/8/2006,2229.74
2/8/2006,2240.93
3/8/2006,2251.55
4/8/2006,2233.52
7/8/2006,2240.83
8/8/2006,2251.32
9/8/2006,2288.15
10/8/2006,2275.8
11/8/2006,2281.76
14/8/2006,2285.72
15/8/2006,2283.81
16/8/2006,2308.1
17/8/2006,2299.74
18/8/2006,2294.02
21/8/2006,2256
22/8/2006,2275.16
23/8/2006,2266.1
24/8/2006,2243.33
25/8/2006,2248.21
28/8/2006,2243.78
29/8/2006,2265.3
30/8/2006,2283.44
31/8/2006,2291.89
1/9/2006,2299.9
4/9/2006,2320.87
5/9/2006,2313.96
6/9/2006,2298.06
7/9/2006,2283.27
8/9/2006,2289.36
11/9/2006,2266.41
12/9/2006,2277.27
13/9/2006,2291.76
14/9/2006,2289.04
15/9/2006,2293.03
18/9/2006,2311.68
19/9/2006,2310.85
20/9/2006,2324.6
21/9/2006,2343.7
22/9/2006,2341.43
25/9/2006,2332.88
26/9/2006,2302.04
27/9/2006,2327.73
28/9/2006,2332.47
29/9/2006,2335.32
3/10/2006,2347.5
4/10/2006,2348.69
5/10/2006,2377.57
6/10/2006,2375.72
9/10/2006,2348.54
10/10/2006,2368.13
11/10/2006,2374.33
12/10/2006,2381.77
13/10/2006,2398.09
16/10/2006,2399.85
17/10/2006,2400.43
18/10/2006,2405.83
19/10/2006,2405.51
20/10/2006,2424.31
23/10/2006,2416.23
24/10/2006,2422.38
25/10/2006,2424.24
26/10/2006,2443.78
27/10/2006,2426.4
31/10/2006,2433.22
1/11/2006,2454.32
2/11/2006,2485.63
3/11/2006,2492.3
6/11/2006,2511.51
7/11/2006,2516.24
8/11/2006,2501.85
9/11/2006,2530.24
10/11/2006,2525.41
13/11/2006,2535.43
14/11/2006,2540.2
15/11/2006,2576.63
16/11/2006,2585.37
17/11/2006,2588.85
20/11/2006,2565.33
21/11/2006,2577.82
22/11/2006,2624.28
23/11/2006,2621.57
24/11/2006,2618.01
27/11/2006,2602.77
28/11/2006,2519.47
29/11/2006,2556.48
30/11/2006,2586.74
1/12/2006,2563.88
4/12/2006,2569.02
5/12/2006,2606.65
6/12/2006,2620.8
7/12/2006,2594.97
8/12/2006,2580.08
11/12/2006,2604.62
12/12/2006,2600.29
13/12/2006,2574.28
14/12/2006,2605.81
15/12/2006,2630.76
18/12/2006,2654.34
19/12/2006,2628.69
20/12/2006,2672.12
21/12/2006,2676.67
22/12/2006,2693.22
27/12/2006,2775.9
28/12/2006,2803.92
29/12/2006,2802.68
2/1/2007,2854.44
3/1/2007,2879.09
4/1/2007,2809.66
5/1/2007,2821.81
8/1/2007,2791.77
9/1/2007,2769.32
10/1/2007,2724.46
11/1/2007,2706.61
12/1/2007,2742.63
15/1/2007,2809.57
16/1/2007,2812.75
17/1/2007,2811.61
18/1/2007,2826.63
19/1/2007,2829.21
22/1/2007,2883.07
23/1/2007,2876.23
24/1/2007,2883.41
25/1/2007,2857.47
26/1/2007,2803.71
29/1/2007,2799.33
30/1/2007,2829.97
31/1/2007,2788.35
1/2/2007,2812.44
2/2/2007,2832.74
5/2/2007,2824.93
6/2/2007,2846.84
7/2/2007,2866.62
8/2/2007,2882.09
9/2/2007,2875.14
12/2/2007,2873.02
13/2/2007,2809.88
14/2/2007,2822.42
15/2/2007,2861.9
16/2/2007,2872.76
21/2/2007,2879.64
22/2/2007,2895.28
23/2/2007,2876.57
26/2/2007,2852.3
27/2/2007,2799.11
28/2/2007,2723.54
1/3/2007,2681.06
2/3/2007,2680.96
5/3/2007,2559.95
6/3/2007,2623.74
7/3/2007,2618.61
8/3/2007,2667.73
9/3/2007,2673.44
12/3/2007,2715.85
13/3/2007,2701.15
14/3/2007,2631.96
15/3/2007,2653.7
16/3/2007,2655.69
19/3/2007,2692.7
20/3/2007,2705.84
21/3/2007,2725.4
22/3/2007,2747.28
23/3/2007,2753.83
26/3/2007,2767.27
27/3/2007,2757.16
28/3/2007,2736.23
29/3/2007,2770.3
30/3/2007,2772.38
2/4/2007,2774.61
3/4/2007,2799.29
4/4/2007,2831.71
10/4/2007,2855.16
11/4/2007,2870.5
12/4/2007,2867.77
13/4/2007,2860.64
16/4/2007,2911.33
17/4/2007,2922.13
18/4/2007,2925.61
19/4/2007,2856.3
20/4/2007,2892.95
23/4/2007,2897.89
24/4/2007,2896.51
25/4/2007,2886.53
26/4/2007,2903.95
27/4/2007,2881.01
30/4/2007,2855.48
2/5/2007,2862.14
3/5/2007,2907.25
4/5/2007,2933.84
7/5/2007,2943.42
8/5/2007,2919.12
9/5/2007,2937.29
10/5/2007,2931.99
11/5/2007,2896.19
14/5/2007,2971.85
15/5/2007,2956.98
16/5/2007,2965.9
17/5/2007,2971.04
18/5/2007,2959.18
21/5/2007,2961.86
22/5/2007,2954.9
23/5/2007,2958.23
25/5/2007,2916.21
28/5/2007,2918.42
29/5/2007,2912.06
30/5/2007,2879.75
31/5/2007,2932.37
1/6/2007,2942.44
4/6/2007,2954.26
5/6/2007,2957.49
6/6/2007,2956.14
7/6/2007,2945.45
8/6/2007,2906.19
11/6/2007,2921.32
12/6/2007,2924.67
13/6/2007,2920.37
14/6/2007,2968.52
15/6/2007,2997.01
18/6/2007,3080.49
20/6/2007,3092.39
21/6/2007,3131.01
22/6/2007,3134.29
25/6/2007,3107.03
26/6/2007,3099.45
27/6/2007,3087.05
28/6/2007,3123.35
29/6/2007,3109.64
3/7/2007,3169.6
4/7/2007,3186.24
5/7/2007,3206.47
6/7/2007,3238.34
9/7/2007,3287.69
10/7/2007,3305.4
11/7/2007,3261.73
12/7/2007,3282.62
13/7/2007,3328.02
16/7/2007,3309.65
17/7/2007,3326.5
18/7/2007,3291.1
19/7/2007,3321.16
20/7/2007,3374.43
23/7/2007,3397.4
24/7/2007,3414.91
25/7/2007,3395.69
26/7/2007,3369.69
27/7/2007,3270.54
30/7/2007,3291.28
31/7/2007,3361.76
1/8/2007,3252.37
2/8/2007,3243.8
3/8/2007,3260.31
6/8/2007,3163.06
7/8/2007,3152.09
8/8/2007,3249.91
9/8/2007,3247.42
10/8/2007,3154.17
13/8/2007,3161.64
14/8/2007,3170.34
15/8/2007,3074.71
16/8/2007,2949.02
17/8/2007,2885.79
20/8/2007,3075.72
21/8/2007,3112.57
22/8/2007,3197.03
23/8/2007,3287.44
24/8/2007,3284.43
27/8/2007,3408.07
28/8/2007,3376.39
29/8/2007,3316.42
30/8/2007,3385.48
31/8/2007,3466.84
3/9/2007,3463.18
4/9/2007,3469.14
5/9/2007,3493.3
6/9/2007,3497.21
7/9/2007,3497.65
10/9/2007,3488.15
11/9/2007,3483.04
12/9/2007,3528.99
13/9/2007,3553.41
14/9/2007,3607.87
17/9/2007,3569.02
18/9/2007,3565.96
19/9/2007,3703.39
20/9/2007,3736.3
21/9/2007,3748.05
24/9/2007,3846.79
25/9/2007,3816.06
27/9/2007,3905.76
28/9/2007,3921.23
2/10/2007,4067.32
3/10/2007,3975.84
4/10/2007,3882.62
5/10/2007,3995.88
8/10/2007,3992.61
9/10/2007,4038.26
10/10/2007,4098.38
11/10/2007,4186.25
12/10/2007,4147.55
15/10/2007,4236.8
16/10/2007,4176.54
17/10/2007,4212.36
18/10/2007,4234.44
22/10/2007,4082.67
23/10/2007,4210.23
24/10/2007,4207.74
25/10/2007,4273.48
26/10/2007,4339.68
29/10/2007,4505.69
30/10/2007,4532.45
31/10/2007,4499.51
1/11/2007,4517.1
2/11/2007,4378
5/11/2007,4163.83
6/11/2007,4215.08
7/11/2007,4265.58
8/11/2007,4129.74
9/11/2007,4123.17
12/11/2007,3947.61
13/11/2007,3936.61
14/11/2007,4136.22
15/11/2007,4080.46
16/11/2007,3927.56
19/11/2007,3900.6
20/11/2007,3937.07
21/11/2007,3782.77
22/11/2007,3690.78
23/11/2007,3742.31
26/11/2007,3891.4
27/11/2007,3840.55
28/11/2007,3875.72
29/11/2007,4021.82
30/11/2007,4052.32
3/12/2007,4058.39
4/12/2007,4074.68
5/12/2007,4142.99
6/12/2007,4170.96
7/12/2007,4096.96
10/12/2007,4041.96
11/12/2007,4123.53
12/12/2007,4026.99
13/12/2007,3920.85
14/12/2007,3881.2
17/12/2007,3748.71
18/12/2007,3751.98
19/12/2007,3805.22
20/12/2007,3810.44
21/12/2007,3887.49
24/12/2007,3971.15
27/12/2007,3937.25
28/12/2007,3874.22
31/12/2007,3935.37
2/1/2008,3906.83
3/1/2008,3812.12
4/1/2008,3889.12
7/1/2008,3836.49
8/1/2008,3836.07
9/1/2008,3909.32
10/1/2008,3874.9
11/1/2008,3837.36
14/1/2008,3767.49
15/1/2008,3670.94
16/1/2008,3476.71
17/1/2008,3550.38
18/1/2008,3560.63
21/1/2008,3364.61
22/1/2008,3078.06
23/1/2008,3376.23
24/1/2008,3315.84
25/1/2008,3529.46
28/1/2008,3378.17
29/1/2008,3403.72
30/1/2008,3310.53
31/1/2008,3291.21
1/2/2008,3391.83
4/2/2008,3525.74
5/2/2008,3508.62
6/2/2008,3329.91
11/2/2008,3212.97
12/2/2008,3253.51
13/2/2008,3290.75
14/2/2008,3412.71
15/2/2008,3439.95
18/2/2008,3394.5
19/2/2008,3445.66
20/2/2008,3369.81
21/2/2008,3372.64
22/2/2008,3331.02
25/2/2008,3320.55
26/2/2008,3369.76
27/2/2008,3473.52
28/2/2008,3490.82
29/2/2008,3466.42
3/3/2008,3367.81
4/3/2008,3298.14
5/3/2008,3284.19
6/3/2008,3310.53
7/3/2008,3206.65
10/3/2008,3209.67
11/3/2008,3232.9
12/3/2008,3288.21
13/3/2008,3135.3
14/3/2008,3114.23
17/3/2008,2938.15
18/3/2008,2955.66
19/3/2008,3040.25
20/3/2008,2930.68
25/3/2008,3128.1
26/3/2008,3163.75
27/3/2008,3185.45
28/3/2008,3275.17
31/3/2008,3226.47
1/4/2008,3258.62
2/4/2008,3365.12
3/4/2008,3420.31
7/4/2008,3466.28
8/4/2008,3427.51
9/4/2008,3373.96
10/4/2008,3404.73
11/4/2008,3467.88
14/4/2008,3344.69
15/4/2008,3356.77
16/4/2008,3355.37
17/4/2008,3405.49
18/4/2008,3391.83
21/4/2008,3458.76
22/4/2008,3489.72
23/4/2008,3543.72
24/4/2008,3607.12
25/4/2008,3581.37
28/4/2008,3606.23
29/4/2008,3639.64
30/4/2008,3616.43
2/5/2008,3688.87
5/5/2008,3683.96
6/5/2008,3703.06
7/5/2008,3613.95
8/5/2008,3591.52
9/5/2008,3545.07
13/5/2008,3618.9
14/5/2008,3624.76
15/5/2008,3629.71
16/5/2008,3635.58
19/5/2008,3651.72
20/5/2008,3570.27
21/5/2008,3605.05
22/5/2008,3548.56
23/5/2008,3510.41
26/5/2008,3420.51
27/5/2008,3446.25
28/5/2008,3437.87
29/5/2008,3461.93
30/5/2008,3495.54
2/6/2008,3529.15
3/6/2008,3465.07
4/6/2008,3434.4
5/6/2008,3439.84
6/6/2008,3461.5
10/6/2008,3314.86
11/6/2008,3300.5
12/6/2008,3253.75
13/6/2008,3196.74
16/6/2008,3258.98
17/6/2008,3260.67
18/6/2008,3290.42
19/6/2008,3215.56
20/6/2008,3200.34
23/6/2008,3187
24/6/2008,3151.88
25/6/2008,3180.12
26/6/2008,3156.11
27/6/2008,3097.03
30/6/2008,3108.84
2/7/2008,3053.58
3/7/2008,2978.91
4/7/2008,3002.43
7/7/2008,3069.63
8/7/2008,2979.02
9/7/2008,3057.24
10/7/2008,3070.38
11/7/2008,3123.38
14/7/2008,3096.88
15/7/2008,2978.13
16/7/2008,2983.45
17/7/2008,3043.99
18/7/2008,3056.97
21/7/2008,3137.97
22/7/2008,3137.48
23/7/2008,3217.2
24/7/2008,3213.76
25/7/2008,3161.21
28/7/2008,3154.67
29/7/2008,3097.28
30/7/2008,3152.93
31/7/2008,3157.85
1/8/2008,3174.33
4/8/2008,3126.66
5/8/2008,3048.09
7/8/2008,3058.25
8/8/2008,3023.93
11/8/2008,3014.77
12/8/2008,2980.39
13/8/2008,2925.11
14/8/2008,2938.3
15/8/2008,2912.08
18/8/2008,2874.03
19/8/2008,2812.96
20/8/2008,2875.09
21/8/2008,2808.46
25/8/2008,2898.12
26/8/2008,2888.03
27/8/2008,2947.15
28/8/2008,2888.27
29/8/2008,2925.99
1/9/2008,2875.56
2/9/2008,2882.66
3/9/2008,2826.45
4/9/2008,2792
5/9/2008,2729.24
8/9/2008,2829.54
9/9/2008,2784.03
10/9/2008,2714.83
11/9/2008,2621.57
12/9/2008,2614.79
16/9/2008,2466.08
17/9/2008,2375.13
18/9/2008,2365.31
19/9/2008,2600.77
22/9/2008,2634.22
23/9/2008,2524.89
24/9/2008,2524.7
25/9/2008,2519.24
26/9/2008,2486.07
29/9/2008,2387.06
30/9/2008,2405.85
2/10/2008,2434.33
3/10/2008,2366.06
6/10/2008,2238.21
8/10/2008,2046.85
9/10/2008,2106.43
10/10/2008,1959.77
13/10/2008,2145.71
14/10/2008,2223.65
15/10/2008,2111.09
16/10/2008,2000.77
17/10/2008,1917.34
20/10/2008,2011.18
21/10/2008,1971.45
22/10/2008,1866.35
23/10/2008,1804.77
24/10/2008,1668.15
27/10/2008,1476.55
28/10/2008,1660.79
29/10/2008,1675.5
30/10/2008,1885.47
31/10/2008,1861.99
3/11/2008,1912.79
4/11/2008,1923.72
5/11/2008,1993.7
6/11/2008,1852
7/11/2008,1906.2
10/11/2008,1986.04
11/11/2008,1899.02
12/11/2008,1890.29
13/11/2008,1799.41
14/11/2008,1844.14
17/11/2008,1843.57
18/11/2008,1761.33
19/11/2008,1746.87
20/11/2008,1677
21/11/2008,1723.41
24/11/2008,1700.12
25/11/2008,1746.18
26/11/2008,1807.31
27/11/2008,1836.24
28/11/2008,1874.23
1/12/2008,1910.85
2/12/2008,1822.14
3/12/2008,1856.67
4/12/2008,1848.27
5/12/2008,1893.65
8/12/2008,2043.86
9/12/2008,2002.97
10/12/2008,2111.63
11/12/2008,2114.86
12/12/2008,2001.47
15/12/2008,2037.29
16/12/2008,2049.96
17/12/2008,2104.87
18/12/2008,2120.95
19/12/2008,2084.45
22/12/2008,2015.57
23/12/2008,1954.56
24/12/2008,1951.17
29/12/2008,1972.01
30/12/2008,1957.07
31/12/2008,1982.56
2/1/2009,2066.39
5/1/2009,2136.68
6/1/2009,2121.32
7/1/2009,2046.2
8/1/2009,1963.52
9/1/2009,1963.39
12/1/2009,1901
13/1/2009,1864.88
14/1/2009,1879.25
15/1/2009,1821.26
16/1/2009,1831.03
19/1/2009,1838.78
20/1/2009,1790.85
21/1/2009,1745.28
22/1/2009,1755.17
23/1/2009,1743.71
29/1/2009,1819.9
30/1/2009,1837.51
2/2/2009,1783.24
3/2/2009,1776.94
4/2/2009,1819.41
5/2/2009,1835.58
6/2/2009,1896.38
9/2/2009,1907.61
10/2/2009,1921.7
11/2/2009,1875.96
12/2/2009,1834.27
13/2/2009,1876.01
16/2/2009,1864.02
17/2/2009,1796.45
18/2/2009,1805.38
19/2/2009,1809.31
20/2/2009,1765.52
23/2/2009,1824.5
24/2/2009,1775.04
25/2/2009,1802.38
26/2/2009,1779.61
27/2/2009,1770.88
2/3/2009,1707.09
3/3/2009,1682.01
4/3/2009,1729.9
5/3/2009,1718.55
6/3/2009,1688.42
9/3/2009,1634.79
10/3/2009,1670.5
11/3/2009,1702.3
12/3/2009,1704.04
13/3/2009,1767.92
16/3/2009,1825.26
17/3/2009,1806.93
18/3/2009,1838.32
19/3/2009,1845.36
20/3/2009,1798.15
23/3/2009,1889.68
24/3/2009,1941.38
25/3/2009,1903.68
26/3/2009,1968.98
27/3/2009,1975.15
30/3/2009,1882.7
31/3/2009,1901.85
1/4/2009,1899.1
2/4/2009,2020.02
3/4/2009,2021.87
6/4/2009,2070.04
7/4/2009,2058.31
8/4/2009,2004.28
9/4/2009,2060.18
14/4/2009,2143.76
15/4/2009,2170.17
16/4/2009,2159.23
17/4/2009,2159.72
20/4/2009,2179.43
21/4/2009,2117.66
22/4/2009,2066
23/4/2009,2108.07
24/4/2009,2117.85
27/4/2009,2049.59
28/4/2009,2010.94
29/4/2009,2073.75
30/4/2009,2143.2
4/5/2009,2268.19
5/5/2009,2274.61
6/5/2009,2322.17
7/5/2009,2359.72
8/5/2009,2393.19
11/5/2009,2346.96
12/5/2009,2351.33
13/5/2009,2347.97
14/5/2009,2291.53
15/5/2009,2329.47
18/5/2009,2367.53
19/5/2009,2428.24
20/5/2009,2421.16
21/5/2009,2390.36
22/5/2009,2368.12
25/5/2009,2386.44
26/5/2009,2373.01
27/5/2009,2481.21
29/5/2009,2528.16
1/6/2009,2631.8
2/6/2009,2571.92
3/6/2009,2609.06
4/6/2009,2591.8
5/6/2009,2621.17
8/6/2009,2575.72
9/6/2009,2544.4
10/6/2009,2639.37
11/6/2009,2646.17
12/6/2009,2655.19
15/6/2009,2603.94
16/6/2009,2548.42
17/6/2009,2542.95
18/6/2009,2503.19
19/6/2009,2525.86
22/6/2009,2545.47
23/6/2009,2475.9
24/6/2009,2528.32
25/6/2009,2580.49
26/6/2009,2628.05
29/6/2009,2622.49
30/6/2009,2591.05
2/7/2009,2572.43
3/7/2009,2575.19
6/7/2009,2549.17
7/7/2009,2529.9
8/7/2009,2504.54
9/7/2009,2512.38
10/7/2009,2503.9
13/7/2009,2442.31
14/7/2009,2523.2
15/7/2009,2578.61
16/7/2009,2589.38
17/7/2009,2645.67
20/7/2009,2733.99
21/7/2009,2737.3
22/7/2009,2702.54
23/7/2009,2770.3
24/7/2009,2795.2
27/7/2009,2845.17
28/7/2009,2900.74
29/7/2009,2829.28
30/7/2009,2836.74
31/7/2009,2886.68
3/8/2009,2928.13
4/8/2009,2919.3
5/8/2009,2875.56
6/8/2009,2921.28
7/8/2009,2849.71
10/8/2009,2924.49
11/8/2009,2939.11
12/8/2009,2856.4
13/8/2009,2909.03
14/8/2009,2907.32
17/8/2009,2799.28
18/8/2009,2809.78
19/8/2009,2767.83
20/8/2009,2813.16
21/8/2009,2797.24
24/8/2009,2843.9
25/8/2009,2829.67
26/8/2009,2824.19
27/8/2009,2794.05
28/8/2009,2772.32
31/8/2009,2724.4
1/9/2009,2747.34
2/9/2009,2698.72
3/9/2009,2739.85
4/9/2009,2816.15
7/9/2009,2857.13
8/9/2009,2905.75
9/9/2009,2877.45
10/9/2009,2909.11
11/9/2009,2922.16
14/9/2009,2892.8
15/9/2009,2877.59
16/9/2009,2940.18
17/9/2009,2984.09
18/9/2009,2958.7
21/9/2009,2940.36
22/9/2009,2965.71
23/9/2009,2954.92
24/9/2009,2888.39
25/9/2009,2888.32
28/9/2009,2825.27
29/9/2009,2878.15
30/9/2009,2873.03
2/10/2009,2807.58
5/10/2009,2814.16
6/10/2009,2871.76
7/10/2009,2928
8/10/2009,2958.42
9/10/2009,2961.39
12/10/2009,2939.1
13/10/2009,2958.68
14/10/2009,3008.62
15/10/2009,3020.2
16/10/2009,3011.35
19/10/2009,3051.11
20/10/2009,3075.97
21/10/2009,3072.04
22/10/2009,3059.2
23/10/2009,3104.45
27/10/2009,3049.88
28/10/2009,2997.95
29/10/2009,2927.86
30/10/2009,2992.48
2/11/2009,2976.74
3/11/2009,2933.74
4/11/2009,2982.46
5/11/2009,2967.38
6/11/2009,3009.54
9/11/2009,3055.75
10/11/2009,3064.1
11/11/2009,3109.61
12/11/2009,3092.01
13/11/2009,3108.79
16/11/2009,3159.94
17/11/2009,3160.97
18/11/2009,3147.83
19/11/2009,3126.06
20/11/2009,3098.17
23/11/2009,3135.83
24/11/2009,3097.99
25/11/2009,3118.28
26/11/2009,3074.79
27/11/2009,2936.85
30/11/2009,3033.16
1/12/2009,3077.03
2/12/2009,3109.92
3/12/2009,3146.09
4/12/2009,3140.12
7/12/2009,3122.4
8/12/2009,3094.32
9/12/2009,3048.82
10/12/2009,3038.12
11/12/2009,3061.23
14/12/2009,3086.71
15/12/2009,3053.67
16/12/2009,3019.18
17/12/2009,2976.77
18/12/2009,2942.96
21/12/2009,2915.91
22/12/2009,2937.57
23/12/2009,2968.54
24/12/2009,2992.88
28/12/2009,2997.57
29/12/2009,2998.94
30/12/2009,2999.05
31/12/2009,3052.01
4/1/2010,3052.05
5/1/2010,3121.14
6/1/2010,3134.42
7/1/2010,3113.61
8/1/2010,3116.99
11/1/2010,3136.59
12/1/2010,3130.49
13/1/2010,3053.6
14/1/2010,3061.9
15/1/2010,3058.94
18/1/2010,3031.01
19/1/2010,3060.89
20/1/2010,3016.95
21/1/2010,2951.6
22/1/2010,2928.63
25/1/2010,2909.04
26/1/2010,2833.54
27/1/2010,2813.42
28/1/2010,2856.05
29/1/2010,2822.25
1/2/2010,2843.18
2/2/2010,2855.81
3/2/2010,2920.11
4/2/2010,2869.34
5/2/2010,2773.56
8/2/2010,2759.06
9/2/2010,2785.61
10/2/2010,2808.21
11/2/2010,2856.78
12/2/2010,2857.4
17/2/2010,2890.48
18/2/2010,2875.45
19/2/2010,2804.5
22/2/2010,2865.01
23/2/2010,2898.62
24/2/2010,2883.72
25/2/2010,2872.02
26/2/2010,2898.82
1/3/2010,2960.39
2/3/2010,2943.88
3/3/2010,2940.12
4/3/2010,2901.17
5/3/2010,2934.16
8/3/2010,2992.28
9/3/2010,2995.95
10/3/2010,2998.36
11/3/2010,3001.21
12/3/2010,2994.59
15/3/2010,2972.48
16/3/2010,2965.83
17/3/2010,3018.76
18/3/2010,3016.63
19/3/2010,3026.99
22/3/2010,2973.52
23/3/2010,2971.85
24/3/2010,2975.66
25/3/2010,2953
26/3/2010,2990.41
29/3/2010,3016.58
30/3/2010,3035.87
31/3/2010,3013.69
1/4/2010,3062.56
7/4/2010,3121.53
8/4/2010,3105.21
9/4/2010,3145.3
12/4/2010,3128.83
13/4/2010,3115.34
14/4/2010,3117.76
15/4/2010,3120.84
16/4/2010,3076.08
19/4/2010,3008.58
20/4/2010,3043.05
21/4/2010,3038.72
22/4/2010,3027.09
23/4/2010,3002.73
26/4/2010,3051.02
27/4/2010,3005.72
28/4/2010,2963.35
29/4/2010,2941.08
30/4/2010,2987.56
3/5/2010,2946.68
4/5/2010,2937.18
5/5/2010,2867.07
6/5/2010,2819.21
7/5/2010,2790
10/5/2010,2863.98
11/5/2010,2828.91
12/5/2010,2830.25
13/5/2010,2868.55
14/5/2010,2833.39
17/5/2010,2761.1
18/5/2010,2788.17
19/5/2010,2723.84
20/5/2010,2699.67
24/5/2010,2730
25/5/2010,2621.34
26/5/2010,2664.09
27/5/2010,2713.92
28/5/2010,2768.75
31/5/2010,2773.48
1/6/2010,2725.95
2/6/2010,2718.32
3/6/2010,2765.62
4/6/2010,2768.22
7/6/2010,2707.68
8/6/2010,2719.46
9/6/2010,2730.26
10/6/2010,2730.64
11/6/2010,2770.25
14/6/2010,2803.7
15/6/2010,2807.31
17/6/2010,2826.02
18/6/2010,2843.68
21/6/2010,2935.04
22/6/2010,2920.29
23/6/2010,2919.35
24/6/2010,2902.34
25/6/2010,2888.84
28/6/2010,2888.18
29/6/2010,2821.85
30/6/2010,2810.54
2/7/2010,2771.51
5/7/2010,2758.08
6/7/2010,2800.56
7/7/2010,2776.93
8/7/2010,2806.59
9/7/2010,2854.27
12/7/2010,2867.93
13/7/2010,2859.9
14/7/2010,2878.53
15/7/2010,2836.25
16/7/2010,2833.29
19/7/2010,2811.46
20/7/2010,2844.35
21/7/2010,2877.78
22/7/2010,2891.32
23/7/2010,2924.96
26/7/2010,2921.77
27/7/2010,2939.7
28/7/2010,2955.72
29/7/2010,2957.92
30/7/2010,2954.24
2/8/2010,3009.32
3/8/2010,3014.06
4/8/2010,3021.9
5/8/2010,3019.85
6/8/2010,3029.29
9/8/2010,3045.87
10/8/2010,3001.21
11/8/2010,2976.32
12/8/2010,2949.45
13/8/2010,2956.58
16/8/2010,2960.22
17/8/2010,2964.95
18/8/2010,2957.48
19/8/2010,2968.47
20/8/2010,2956.3
23/8/2010,2939.15
24/8/2010,2913.29
25/8/2010,2902.25
26/8/2010,2899.31
27/8/2010,2891.52
30/8/2010,2915.33
31/8/2010,2895.96
1/9/2010,2916.95
2/9/2010,2953.51
3/9/2010,2969.6
6/9/2010,3022
7/9/2010,3027.06
8/9/2010,2988.04
9/9/2010,2999.69
10/9/2010,3008.42
13/9/2010,3061.28
14/9/2010,3069.66
15/9/2010,3072.3
16/9/2010,3064.3
17/9/2010,3107.4
20/9/2010,3111.12
21/9/2010,3117.58
22/9/2010,3126.01
24/9/2010,3132.91
27/9/2010,3168.07
28/9/2010,3135.94
29/9/2010,3173.84
30/9/2010,3175.61
4/10/2010,3218.17
5/10/2010,3214.9
6/10/2010,3245.58
7/10/2010,3243.74
8/10/2010,3248.33
11/10/2010,3279.14
12/10/2010,3270.75
13/10/2010,3322.9
14/10/2010,3370.25
15/10/2010,3359.54
18/10/2010,3319.84
19/10/2010,3357.94
20/10/2010,3322.17
21/10/2010,3342.27
22/10/2010,3330.92
25/10/2010,3349.54
26/10/2010,3340.14
27/10/2010,3276.8
28/10/2010,3280.95
29/10/2010,3272.67
1/11/2010,3344.76
2/11/2010,3351.41
3/11/2010,3409.7
4/11/2010,3454.62
5/11/2010,3497.47
8/11/2010,3516.46
9/11/2010,3487.38
10/11/2010,3458.66
11/11/2010,3480.31
12/11/2010,3402.65
15/11/2010,3372.15
16/11/2010,3328.1
17/11/2010,3248.88
18/11/2010,3317.14
19/11/2010,3320.4
22/11/2010,3313.59
23/11/2010,3231.96
24/11/2010,3244.07
25/11/2010,3255.94
26/11/2010,3230.74
29/11/2010,3262.74
30/11/2010,3248.8
1/12/2010,3281.78
2/12/2010,3313.22
3/12/2010,3303.51
6/12/2010,3290.75
7/12/2010,3311.3
8/12/2010,3272.52
9/12/2010,3276.98
10/12/2010,3267.22
13/12/2010,3285.49
14/12/2010,3302.56
15/12/2010,3247.87
16/12/2010,3201.7
17/12/2010,3214.27
20/12/2010,3194.49
21/12/2010,3236.72
22/12/2010,3245.93
23/12/2010,3232.44
24/12/2010,3221.22
28/12/2010,3188.43
29/12/2010,3232.42
30/12/2010,3243.11
31/12/2010,3248.17
3/1/2011,3303.87
4/1/2011,3345.12
5/1/2011,3357.41
6/1/2011,3363.88
7/1/2011,3352.59
10/1/2011,3327.26
11/1/2011,3352.59
12/1/2011,3394.42
13/1/2011,3404.76
14/1/2011,3404.02
17/1/2011,3378.39
18/1/2011,3382.46
19/1/2011,3417.98
20/1/2011,3360.63
21/1/2011,3338.4
24/1/2011,3320.3
25/1/2011,3320.54
26/1/2011,3325.38
27/1/2011,3321.31
28/1/2011,3301.1
31/1/2011,3278.78
1/2/2011,3280.55
2/2/2011,3335.37
7/2/2011,3292.29
8/2/2011,3281.96
9/2/2011,3231.38
10/2/2011,3164.99
11/2/2011,3179.67
14/2/2011,3232.07
15/2/2011,3207.58
16/2/2011,3233.52
17/2/2011,3250.95
18/2/2011,3284.71
21/2/2011,3267.74
22/2/2011,3196.48
23/2/2011,3174.75
24/2/2011,3122.65
25/2/2011,3178.55
28/2/2011,3223.12
1/3/2011,3244.63
2/3/2011,3207.58
3/3/2011,3227.56
4/3/2011,3267.87
7/3/2011,3252.51
8/3/2011,3294.2
9/3/2011,3308.87
10/3/2011,3282.93
11/3/2011,3231.3
14/3/2011,3245.2
15/3/2011,3160.36
16/3/2011,3173.48
17/3/2011,3107.49
18/3/2011,3121.45
21/3/2011,3177.4
22/3/2011,3205.86
23/3/2011,3203.64
24/3/2011,3218.87
25/3/2011,3248.09
28/3/2011,3233.33
29/3/2011,3233.44
30/3/2011,3283.16
31/3/2011,3295.76
1/4/2011,3326.13
4/4/2011,3377.32
6/4/2011,3398.44
7/4/2011,3403.44
8/4/2011,3419.57
11/4/2011,3412.42
12/4/2011,3368.53
13/4/2011,3395.16
14/4/2011,3391.39
15/4/2011,3398.06
18/4/2011,3381.87
19/4/2011,3345.78
20/4/2011,3393.38
21/4/2011,3425.02
26/4/2011,3403.5
27/4/2011,3384.4
28/4/2011,3367.26
29/4/2011,3356.12
3/5/2011,3342.42
4/5/2011,3297.15
5/5/2011,3292.27
6/5/2011,3287.94
9/5/2011,3319.18
11/5/2011,3322.43
12/5/2011,3282.21
13/5/2011,3308.99
16/5/2011,3266.82
17/5/2011,3261.81
18/5/2011,3283.83
19/5/2011,3295.94
20/5/2011,3292.07
23/5/2011,3222.12
24/5/2011,3229.77
25/5/2011,3226.68
26/5/2011,3242.93
27/5/2011,3271.35
30/5/2011,3283.8
31/5/2011,3342.18
1/6/2011,3339.35
2/6/2011,3290.29
3/6/2011,3257.69
7/6/2011,3243.87
8/6/2011,3212.25
9/6/2011,3191.92
10/6/2011,3163.24
13/6/2011,3166.43
14/6/2011,3171.25
15/6/2011,3157.67
16/6/2011,3100.75
17/6/2011,3067.84
20/6/2011,3050.99
21/6/2011,3087.6
22/6/2011,3096.5
23/6/2011,3083.86
24/6/2011,3147.75
27/6/2011,3135.18
28/6/2011,3137.27
29/6/2011,3144.62
30/6/2011,3188.98
4/7/2011,3253.35
5/7/2011,3253.5
6/7/2011,3223.11
7/7/2011,3226.9
8/7/2011,3248.34
11/7/2011,3195.37
12/7/2011,3095.6
13/7/2011,3140.87
14/7/2011,3147.18
15/7/2011,3136.34
18/7/2011,3122.55
19/7/2011,3122.28
20/7/2011,3141.82
21/7/2011,3138.8
22/7/2011,3202.55
25/7/2011,3175.6
26/7/2011,3212.16
27/7/2011,3213.93
28/7/2011,3211.41
29/7/2011,3187.53
1/8/2011,3220.85
2/8/2011,3185.31
3/8/2011,3128.12
4/8/2011,3107.93
5/8/2011,2970.69
8/8/2011,2901.76
9/8/2011,2756.17
10/8/2011,2812.94
11/8/2011,2786.65
12/8/2011,2790.69
15/8/2011,2880.95
16/8/2011,2883.12
17/8/2011,2891.64
18/8/2011,2848.59
19/8/2011,2747.23
22/8/2011,2729.7
23/8/2011,2786.85
24/8/2011,2734.46
25/8/2011,2774.87
26/8/2011,2747.93
29/8/2011,2788.92
30/8/2011,2839.84
31/8/2011,2892.84
1/9/2011,2903.81
2/9/2011,2853.46
5/9/2011,2767.81
6/9/2011,2767.16
7/9/2011,2812.23
8/9/2011,2798.16
9/9/2011,2788.67
12/9/2011,2667.05
14/9/2011,2650.85
15/9/2011,2665.81
16/9/2011,2707.7
19/9/2011,2625.94
20/9/2011,2627.77
21/9/2011,2604.65
22/9/2011,2464.31
23/9/2011,2428.84
26/9/2011,2361.48
27/9/2011,2470.69
28/9/2011,2470.26
30/9/2011,2399.21
3/10/2011,2271.67
4/10/2011,2191.69
6/10/2011,2326.14
7/10/2011,2416.21
10/10/2011,2410.78
11/10/2011,2484.75
12/10/2011,2523.65
13/10/2011,2602.84
14/10/2011,2553.39
17/10/2011,2613.93
18/10/2011,2486.49
19/10/2011,2514.53
20/10/2011,2464.02
21/10/2011,2475.67
24/10/2011,2580.67
25/10/2011,2609.26
26/10/2011,2632.89
27/10/2011,2741.07
28/10/2011,2777.85
31/10/2011,2747
1/11/2011,2678.07
2/11/2011,2728.59
3/11/2011,2675.37
4/11/2011,2756.53
7/11/2011,2739.27
8/11/2011,2731.78
9/11/2011,2772.51
10/11/2011,2629.74
11/11/2011,2649.91
14/11/2011,2705.12
15/11/2011,2686.5
16/11/2011,2633.32
17/11/2011,2617.23
18/11/2011,2565.81
21/11/2011,2523.33
22/11/2011,2529.15
23/11/2011,2476.48
24/11/2011,2487.44
25/11/2011,2451.68
28/11/2011,2501.68
29/11/2011,2537.61
30/11/2011,2501.1
1/12/2011,2644.91
2/12/2011,2645.52
5/12/2011,2659.82
6/12/2011,2621.77
7/12/2011,2663.52
8/12/2011,2645.63
9/12/2011,2574.71
12/12/2011,2570.51
13/12/2011,2550.59
14/12/2011,2536.77
15/12/2011,2488.48
16/12/2011,2530.06
19/12/2011,2496.51
20/12/2011,2494.69
21/12/2011,2542.37
22/12/2011,2539.58
23/12/2011,2578.82
28/12/2011,2553.36
29/12/2011,2539.72
30/12/2011,2546.6
3/1/2012,2601.15
4/1/2012,2582.11
5/1/2012,2586.26
6/1/2012,2552.93
9/1/2012,2589.98
10/1/2012,2615.9
11/1/2012,2638.96
12/1/2012,2635.76
13/1/2012,2650.97
16/1/2012,2620.7
17/1/2012,2706.77
18/1/2012,2711.91
19/1/2012,2755.05
20/1/2012,2772.18
26/1/2012,2824.61
27/1/2012,2831.7
30/1/2012,2775.4
31/1/2012,2803.91
1/2/2012,2797.11
2/2/2012,2858.93
3/2/2012,2867.02
6/2/2012,2865.17
7/2/2012,2860.78
8/2/2012,2919.11
9/2/2012,2931.68
10/2/2012,2896.31
13/2/2012,2899.98
14/2/2012,2898.02
15/2/2012,2963.24
16/2/2012,2948.66
17/2/2012,2979.7
20/2/2012,2976.11
21/2/2012,2980.64
22/2/2012,3001.56
23/2/2012,2976.62
24/2/2012,2984.18
27/2/2012,2957.58
28/2/2012,3000.81
29/2/2012,3018.82
1/3/2012,2972.17
2/3/2012,3004
5/3/2012,2963.56
6/3/2012,2892.12
7/3/2012,2870.77
8/3/2012,2913.36
9/3/2012,2938.46
12/3/2012,2937.12
13/3/2012,2966.81
14/3/2012,2964.43
15/3/2012,2961.39
16/3/2012,2957.7
19/3/2012,2925.38
20/3/2012,2889.37
21/3/2012,2874.56
22/3/2012,2879.08
23/3/2012,2849.75
26/3/2012,2847.53
27/3/2012,2902.48
28/3/2012,2878.68
29/3/2012,2843.62
30/3/2012,2841.19
2/4/2012,2841.14
3/4/2012,2881.96
5/4/2012,2861.67
10/4/2012,2825.18
11/4/2012,2795.41
12/4/2012,2824.59
13/4/2012,2874.16
16/4/2012,2858.9
17/4/2012,2847.65
18/4/2012,2878.76
19/4/2012,2902.49
20/4/2012,2903.17
23/4/2012,2852.33
24/4/2012,2854.3
25/4/2012,2855.73
26/4/2012,2878.66
27/4/2012,2866.69
30/4/2012,2909.5
2/5/2012,2934.97
3/5/2012,2923.48
4/5/2012,2903.94
7/5/2012,2825.89
8/5/2012,2820.43
9/5/2012,2787.75
10/5/2012,2772.48
11/5/2012,2738.36
14/5/2012,2704.57
15/5/2012,2722.73
16/5/2012,2631.65
17/5/2012,2632.13
18/5/2012,2595.06
21/5/2012,2594.38
22/5/2012,2619.56
23/5/2012,2583.56
24/5/2012,2569.27
25/5/2012,2574.12
28/5/2012,2588.46
29/5/2012,2635.03
30/5/2012,2593.61
31/5/2012,2580.64
1/6/2012,2565.92
4/6/2012,2502.56
5/6/2012,2510.98
6/6/2012,2547.77
7/6/2012,2567.55
8/6/2012,2549.45
11/6/2012,2610.69
12/6/2012,2601.63
13/6/2012,2622.36
14/6/2012,2588.64
15/6/2012,2638.29
18/6/2012,2662.92
19/6/2012,2662.05
20/6/2012,2676.14
21/6/2012,2633.85
22/6/2012,2598.35
25/6/2012,2581.44
26/6/2012,2587.21
27/6/2012,2613.08
28/6/2012,2588.25
29/6/2012,2638.83
3/7/2012,2678.58
4/7/2012,2682.09
5/7/2012,2691.45
6/7/2012,2698.07
9/7/2012,2645.27
10/7/2012,2639.85
11/7/2012,2643.7
12/7/2012,2593.98
13/7/2012,2602.89
16/7/2012,2603.35
17/7/2012,2638.56
18/7/2012,2608.96
19/7/2012,2644.79
20/7/2012,2652.21
23/7/2012,2578.54
24/7/2012,2561.77
25/7/2012,2552.47
26/7/2012,2551.78
27/7/2012,2601.38
30/7/2012,2635.04
31/7/2012,2662.46
1/8/2012,2671.21
2/8/2012,2653.8
3/8/2012,2650.47
6/8/2012,2696.17
7/8/2012,2710.27
8/8/2012,2708.53
9/8/2012,2737.65
10/8/2012,2717.99
13/8/2012,2704.65
14/8/2012,2724.9
15/8/2012,2695.37
16/8/2012,2687.78
17/8/2012,2709.24
20/8/2012,2707.2
21/8/2012,2712.63
22/8/2012,2686.28
23/8/2012,2721.2
24/8/2012,2688.58
27/8/2012,2673.34
28/8/2012,2672.21
29/8/2012,2666.36
30/8/2012,2634.57
31/8/2012,2626.84
3/9/2012,2637.29
4/9/2012,2619.53
5/9/2012,2581.39
6/9/2012,2590.56
7/9/2012,2669.5
10/9/2012,2676.21
11/9/2012,2677.47
12/9/2012,2706.33
13/9/2012,2705.61
14/9/2012,2784.96
17/9/2012,2785.08
18/9/2012,2771.58
19/9/2012,2802.71
20/9/2012,2767.4
21/9/2012,2786.07
24/9/2012,2782.71
25/9/2012,2782.71
26/9/2012,2755.33
27/9/2012,2784.95
28/9/2012,2803.56
3/10/2012,2809.7
4/10/2012,2814.33
5/10/2012,2834.71
8/10/2012,2807.75
9/10/2012,2820.34
10/10/2012,2822.28
11/10/2012,2834.08
12/10/2012,2853.63
15/10/2012,2854.29
16/10/2012,2864.49
17/10/2012,2891.88
18/10/2012,2914.26
19/10/2012,2919.35
22/10/2012,2937.72
24/10/2012,2945.86
25/10/2012,2944.51
26/10/2012,2907.74
29/10/2012,2907.03
30/10/2012,2896.08
31/10/2012,2926.99
1/11/2012,2958.6
2/11/2012,2999.43
5/11/2012,2991.04
6/11/2012,2983.88
7/11/2012,3003.19
8/11/2012,2935.01
9/11/2012,2914.88
12/11/2012,2917.3
13/11/2012,2880.67
14/11/2012,2916.1
15/11/2012,2874.79
16/11/2012,2880.59
19/11/2012,2894.38
20/11/2012,2890.48
21/11/2012,2924.8
22/11/2012,2952.61
23/11/2012,2977.47
26/11/2012,2972.21
27/11/2012,2969.24
28/11/2012,2952.51
29/11/2012,2980.09
30/11/2012,2999.2
3/12/2012,2965.87
4/12/2012,2968.01
5/12/2012,3029.82
6/12/2012,3031.07
7/12/2012,3032.09
10/12/2012,3047.19
11/12/2012,3047.2
12/12/2012,3076.78
13/12/2012,3067.71
14/12/2012,3092.95
17/12/2012,3080.56
18/12/2012,3077.96
19/12/2012,3099.15
20/12/2012,3102.58
21/12/2012,3080.66
24/12/2012,3086.78
27/12/2012,3100.46
28/12/2012,3110.05
31/12/2012,3113.07
2/1/2013,3204.66
3/1/2013,3223.87
4/1/2013,3220.88
7/1/2013,3234.29
8/1/2013,3197.79
9/1/2013,3220.9
10/1/2013,3239.89
11/1/2013,3220.72
14/1/2013,3245.18
15/1/2013,3242.68
16/1/2013,3237.53
17/1/2013,3229
18/1/2013,3267.89
21/1/2013,3273.54
22/1/2013,3282.41
23/1/2013,3275.18
24/1/2013,3265.9
25/1/2013,3250.24
28/1/2013,3264.41
29/1/2013,3268.76
30/1/2013,3292.77
31/1/2013,3276.96
1/2/2013,3282.16
4/2/2013,3281.3
5/2/2013,3214.36
6/2/2013,3228.49
7/2/2013,3207.55
8/2/2013,3215.25
14/2/2013,3248.4
15/2/2013,3258.95
18/2/2013,3246.01
19/2/2013,3204.97
20/2/2013,3229.44
21/2/2013,3172.01
22/2/2013,3154.86
25/2/2013,3156.53
26/2/2013,3109.2
27/2/2013,3124.54
28/2/2013,3189.12
1/3/2013,3176.36
4/3/2013,3123.61
5/3/2013,3132.53
6/3/2013,3166.22
7/3/2013,3161.43
8/3/2013,3197.06
11/3/2013,3187.1
12/3/2013,3154.35
13/3/2013,3105.46
14/3/2013,3115.96
15/3/2013,3096.88
18/3/2013,3037.65
19/3/2013,3036.91
20/3/2013,3075.69
21/3/2013,3076.08
22/3/2013,3063.15
25/3/2013,3077.3
26/3/2013,3077.78
27/3/2013,3101.7
28/3/2013,3074.15
2/4/2013,3071.74
3/4/2013,3065.06
5/4/2013,2979.73
8/4/2013,2980.06
9/4/2013,3012.02
10/4/2013,3038.01
11/4/2013,3046.26
12/4/2013,3042.6
15/4/2013,2997.31
16/4/2013,2988.38
17/4/2013,2975.49
18/4/2013,2968.04
19/4/2013,3033.91
22/4/2013,3045.86
23/4/2013,3011.96
24/4/2013,3063.98
25/4/2013,3090.65
26/4/2013,3103.44
29/4/2013,3103.06
30/4/2013,3127.38
2/5/2013,3118.21
3/5/2013,3127.43
6/5/2013,3161.5
7/5/2013,3180.9
8/5/2013,3207.79
9/5/2013,3205.49
10/5/2013,3221.53
13/5/2013,3178.49
14/5/2013,3166.26
15/5/2013,3182.76
16/5/2013,3185.25
20/5/2013,3236.22
21/5/2013,3217.97
22/5/2013,3202.63
23/5/2013,3124.34
24/5/2013,3121.83
27/5/2013,3129.94
28/5/2013,3167.57
29/5/2013,3125.36
30/5/2013,3110.84
31/5/2013,3102.14
3/6/2013,3082.9
4/6/2013,3082.63
5/6/2013,3051.63
6/6/2013,3017.03
7/6/2013,2987.94
10/6/2013,2992.84
11/6/2013,2950
13/6/2013,2886.95
14/6/2013,2902.26
17/6/2013,2936.5
18/6/2013,2939.71
19/6/2013,2909.77
20/6/2013,2826.54
21/6/2013,2803.49
24/6/2013,2730.88
25/6/2013,2725.73
26/6/2013,2797.66
27/6/2013,2811.36
28/6/2013,2860.17
2/7/2013,2842.27
3/7/2013,2767.26
4/7/2013,2801.7
5/7/2013,2849.02
8/7/2013,2812.81
9/7/2013,2820.69
10/7/2013,2846.35
11/7/2013,2922.6
12/7/2013,2909.46
15/7/2013,2916.96
16/7/2013,2918.85
17/7/2013,2924.64
18/7/2013,2921.37
19/7/2013,2918.02
22/7/2013,2923.07
23/7/2013,2993.79
24/7/2013,3003.11
25/7/2013,2998.82
26/7/2013,3002.9
29/7/2013,2980.42
30/7/2013,2990.27
31/7/2013,2983.08
1/8/2013,3015.54
2/8/2013,3031.66
5/8/2013,3038.59
6/8/2013,3007.04
7/8/2013,2962.68
8/8/2013,2970.36
9/8/2013,2996.9
12/8/2013,3056.15
13/8/2013,3098.58
15/8/2013,3098.07
16/8/2013,3096.33
19/8/2013,3088.24
20/8/2013,3018.52
21/8/2013,3005.05
22/8/2013,3015.62
23/8/2013,3015.49
26/8/2013,3034.29
27/8/2013,3016.92
28/8/2013,2967.89
29/8/2013,2993.86
30/8/2013,3001.97
2/9/2013,3051.4
3/9/2013,3084.53
4/9/2013,3075.48
5/9/2013,3107.88
6/9/2013,3108.2
9/9/2013,3134.19
10/9/2013,3167.53
11/9/2013,3163.36
12/9/2013,3159.35
13/9/2013,3147.84
16/9/2013,3191.6
17/9/2013,3186.37
18/9/2013,3175.84
19/9/2013,3222.57
23/9/2013,3211.67
24/9/2013,3185.32
25/9/2013,3190.86
26/9/2013,3178.18
27/9/2013,3185.17
30/9/2013,3145.99
2/10/2013,3164.86
3/10/2013,3197.52
4/10/2013,3193.29
7/10/2013,3175.57
8/10/2013,3207.17
9/10/2013,3191.39
10/10/2013,3182.94
11/10/2013,3215.59
15/10/2013,3233.82
16/10/2013,3219.97
17/10/2013,3209.81
18/10/2013,3244.03
21/10/2013,3258.84
22/10/2013,3243.9
23/10/2013,3199.16
24/10/2013,3177.76
25/10/2013,3156.79
28/10/2013,3167.81
29/10/2013,3168.36
30/10/2013,3229.79
31/10/2013,3222.36
1/11/2013,3228.62
4/11/2013,3220.46
5/11/2013,3206.06
6/11/2013,3204.27
7/11/2013,3182.61
8/11/2013,3157.47
11/11/2013,3196.08
12/11/2013,3177.51
13/11/2013,3123.4
14/11/2013,3153.8
15/11/2013,3205.34
18/11/2013,3297.8
19/11/2013,3292.14
20/11/2013,3300.59
21/11/2013,3283.59
22/11/2013,3298.51
25/11/2013,3297.9
26/11/2013,3294.97
27/11/2013,3314.83
28/11/2013,3313.31
29/11/2013,3328.98
2/12/2013,3348.68
3/12/2013,3333.51
4/12/2013,3314.92
5/12/2013,3313.65
6/12/2013,3310.65
9/12/2013,3319.61
10/12/2013,3309.31
11/12/2013,3258.64
12/12/2013,3241.9
13/12/2013,3247.62
16/12/2013,3231.14
17/12/2013,3227.78
18/12/2013,3238.28
19/12/2013,3204.79
20/12/2013,3185.71
23/12/2013,3200.95
24/12/2013,3237.35
27/12/2013,3247.24
30/12/2013,3246.18
31/12/2013,3260.66
2/1/2014,3264.46
3/1/2014,3201.64
6/1/2014,3177.28
7/1/2014,3178.21
8/1/2014,3214.25
9/1/2014,3186.1
10/1/2014,3190.03
13/1/2014,3196.98
14/1/2014,3182.02
15/1/2014,3197.47
16/1/2014,3204.26
17/1/2014,3220.59
20/1/2014,3191.7
21/1/2014,3207.1
22/1/2014,3217.75
23/1/2014,3175.21
24/1/2014,3130.15
27/1/2014,3060.91
28/1/2014,3063.2
29/1/2014,3091.66
30/1/2014,3076.32
4/2/2014,2990.57
5/2/2014,2971.82
6/2/2014,2996.58
7/2/2014,3032.35
10/2/2014,3031.94
11/2/2014,3078.81
12/2/2014,3120.55
13/2/2014,3104.61
14/2/2014,3122
17/2/2014,3149.06
18/2/2014,3151.47
19/2/2014,3159.76
20/2/2014,3125.39
21/2/2014,3140.35
24/2/2014,3109.46
25/2/2014,3098.23
26/2/2014,3118.27
27/2/2014,3165.3
28/2/2014,3168.23
3/3/2014,3132
4/3/2014,3148.02
5/3/2014,3137
6/3/2014,3154.67
7/3/2014,3147.94
10/3/2014,3096.31
11/3/2014,3101.38
12/3/2014,3052.25
13/3/2014,3031.65
14/3/2014,2996.34
17/3/2014,2992.77
18/3/2014,3010.92
19/3/2014,3011.93
20/3/2014,2964.43
21/3/2014,2999.28
24/3/2014,3045.43
25/3/2014,3024.26
26/3/2014,3046.38
27/3/2014,3032.48
28/3/2014,3066.13
31/3/2014,3085.74
1/4/2014,3127.12
2/4/2014,3139.2
3/4/2014,3147.74
4/4/2014,3136.42
7/4/2014,3116.62
8/4/2014,3142.74
9/4/2014,3172.08
10/4/2014,3218.05
11/4/2014,3188.52
14/4/2014,3186.15
15/4/2014,3137.15
16/4/2014,3138.44
17/4/2014,3151.39
22/4/2014,3146.53
23/4/2014,3123.62
24/4/2014,3130.8
25/4/2014,3085.91
28/4/2014,3062.19
29/4/2014,3090.99
30/4/2014,3054.46
2/5/2014,3074.07
5/5/2014,3043.6
7/5/2014,3006.34
8/5/2014,3002.78
9/5/2014,3000.09
12/5/2014,3049.04
13/5/2014,3065.94
14/5/2014,3097.46
15/5/2014,3110.14
16/5/2014,3102.77
19/5/2014,3099.2
20/5/2014,3108.72
21/5/2014,3112.77
22/5/2014,3137.33
23/5/2014,3143.49
26/5/2014,3147.44
27/5/2014,3140.73
28/5/2014,3156.25
29/5/2014,3144.14
30/5/2014,3155.94
3/6/2014,3185.75
4/6/2014,3166.84
5/6/2014,3167.22
6/6/2014,3152.98
9/6/2014,3170.07
10/6/2014,3194.37
11/6/2014,3188.1
12/6/2014,3181.68
13/6/2014,3198.47
16/6/2014,3194.83
17/6/2014,3177.39
18/6/2014,3171.61
19/6/2014,3165.68
20/6/2014,3169.75
23/6/2014,3121.82
24/6/2014,3135.27
25/6/2014,3133.05
26/6/2014,3175.55
27/6/2014,3176.49
30/6/2014,3179.45
2/7/2014,3228.19
3/7/2014,3236.29
4/7/2014,3242.46
7/7/2014,3244.52
8/7/2014,3242.14
9/7/2014,3195.54
10/7/2014,3204.39
11/7/2014,3202.85
14/7/2014,3217.46
15/7/2014,3233.89
16/7/2014,3241.16
17/7/2014,3238.83
18/7/2014,3228.12
21/7/2014,3219.05
22/7/2014,3269.16
23/7/2014,3298.4
24/7/2014,3321.39
25/7/2014,3330.51
28/7/2014,3355.18
29/7/2014,3376.23
30/7/2014,3379.87
31/7/2014,3384.25
1/8/2014,3352.18
4/8/2014,3368.41
5/8/2014,3370.9
6/8/2014,3366.34
7/8/2014,3337.75
8/8/2014,3328.84
11/8/2014,3370.32
12/8/2014,3379.81
13/8/2014,3408.9
14/8/2014,3393.83
15/8/2014,3409.41
18/8/2014,3405.05
19/8/2014,3426.51
20/8/2014,3432.98
21/8/2014,3408.56
22/8/2014,3424.68
25/8/2014,3428.43
26/8/2014,3415.63
27/8/2014,3398.8
28/8/2014,3369.84
29/8/2014,3374.32
1/9/2014,3374.7
2/9/2014,3379.62
3/9/2014,3450.42
4/9/2014,3453.81
5/9/2014,3446.2
8/9/2014,3443.35
10/9/2014,3384.21
11/9/2014,3377.38
12/9/2014,3369.18
15/9/2014,3337.13
16/9/2014,3303.04
17/9/2014,3331.95
18/9/2014,3308.82
19/9/2014,3326.24
22/9/2014,3280.11
23/9/2014,3265.32
24/9/2014,3281.67
25/9/2014,3264.61
26/9/2014,3251.04
29/9/2014,3192.3
30/9/2014,3156.06
3/10/2014,3171.48
6/10/2014,3208.6
7/10/2014,3224.74
8/10/2014,3204.72
9/10/2014,3235.86
10/10/2014,3179.52
13/10/2014,3174.4
14/10/2014,3163.69
15/10/2014,3175.11
16/10/2014,3145.62
17/10/2014,3160.27
20/10/2014,3170.04
21/10/2014,3169.7
22/10/2014,3211.81
23/10/2014,3200.98
24/10/2014,3196.27
27/10/2014,3171.42
28/10/2014,3218.54
29/10/2014,3258.69
30/10/2014,3245.82
31/10/2014,3285.21
3/11/2014,3275.7
4/11/2014,3272.08
5/11/2014,3250.17
6/11/2014,3243.03
7/11/2014,3231.59
10/11/2014,3259.56
11/11/2014,3266.73
12/11/2014,3284.92
13/11/2014,3299.52
14/11/2014,3309.75
17/11/2014,3268.15
18/11/2014,3233.24
19/11/2014,3216.84
20/11/2014,3213.28
21/11/2014,3224.24
24/11/2014,3292.68
25/11/2014,3284.49
26/11/2014,3321.56
27/11/2014,3306.45
28/11/2014,3309.24
1/12/2014,3226.53
2/12/2014,3263.04
3/12/2014,3235.87
4/12/2014,3285.58
5/12/2014,3301.9
8/12/2014,3309.61
9/12/2014,3230.21
10/12/2014,3245.26
11/12/2014,3216.4
12/12/2014,3215.71
15/12/2014,3191.01
16/12/2014,3148.31
17/12/2014,3130.32
18/12/2014,3156.9
19/12/2014,3186.86
22/12/2014,3220.09
23/12/2014,3211.12
24/12/2014,3211.66
29/12/2014,3270.67
30/12/2014,3244.28
31/12/2014,3267.27
2/1/2015,3307.98
5/1/2015,3297.27
6/1/2015,3265.59
7/1/2015,3281.21
8/1/2015,3300.99
9/1/2015,3313.6
12/1/2015,3314.43
13/1/2015,3336.76
14/1/2015,3323.89
15/1/2015,3347.45
16/1/2015,3313.77
19/1/2015,3244.35
20/1/2015,3279.02
21/1/2015,3334.87
22/1/2015,3350.1
23/1/2015,3391.72
26/1/2015,3396.26
27/1/2015,3384.04
28/1/2015,3387.79
29/1/2015,3354.46
30/1/2015,3344.74
2/2/2015,3331.63
3/2/2015,3345.06
4/2/2015,3355.45
5/2/2015,3358.25
6/2/2015,3349.56
9/2/2015,3328.48
10/2/2015,3332.32
11/2/2015,3314.46
12/2/2015,3329.18
13/2/2015,3364.11
16/2/2015,3369.71
17/2/2015,3378.7
18/2/2015,3385.18
23/2/2015,3386.31
24/2/2015,3379.69
25/2/2015,3385.27
26/2/2015,3405.23
27/2/2015,3394.72
2/3/2015,3404.98
3/3/2015,3380.91
4/3/2015,3355.73
5/3/2015,3328.95
6/3/2015,3330.09
9/3/2015,3318.72
10/3/2015,3286.85
11/3/2015,3262.48
12/3/2015,3274.23
13/3/2015,3277.23
16/3/2015,3289.67
17/3/2015,3291.16
18/3/2015,3319.74
19/3/2015,3360.72
20/3/2015,3355.06
23/3/2015,3368.42
24/3/2015,3357.25
25/3/2015,3370.96
26/3/2015,3364.71
27/3/2015,3370.37
30/3/2015,3436.15
31/3/2015,3445.12
1/4/2015,3480.33
2/4/2015,3521.81
8/4/2015,3696.15
9/4/2015,3789.85
10/4/2015,3838.14
13/4/2015,3953.66
14/4/2015,3878.52
15/4/2015,3880.72
16/4/2015,3911.77
17/4/2015,3900.71
20/4/2015,3809.58
21/4/2015,3895.69
22/4/2015,3934.71
23/4/2015,3926.54
24/4/2015,3952.12
27/4/2015,4014.42
28/4/2015,4007.96
29/4/2015,3996.86
30/4/2015,3971.81
4/5/2015,3981.21
5/5/2015,3917.47
6/5/2015,3884.14
7/5/2015,3823.44
8/5/2015,3889.04
11/5/2015,3916.55
12/5/2015,3873.48
13/5/2015,3859.9
14/5/2015,3861.79
15/5/2015,3923.5
18/5/2015,3906.39
19/5/2015,3931.74
20/5/2015,3907.89
21/5/2015,3879.74
22/5/2015,3932.41
26/5/2015,3987.56
27/5/2015,3967.87
28/5/2015,3878.52
29/5/2015,3871.14
1/6/2015,3905.64
2/6/2015,3877.86
3/6/2015,3886.19
4/6/2015,3869.3
5/6/2015,3831.85
8/6/2015,3827.22
9/6/2015,3760.98
10/6/2015,3723.12
11/6/2015,3748.12
12/6/2015,3805.32
15/6/2015,3741.35
16/6/2015,3682.36
17/6/2015,3713.79
18/6/2015,3706.74
19/6/2015,3704.09
22/6/2015,3744.61
23/6/2015,3788.2
24/6/2015,3798.2
25/6/2015,3763.52
26/6/2015,3686.66
29/6/2015,3581.93
30/6/2015,3630.79
2/7/2015,3612.07
3/7/2015,3557.66
6/7/2015,3421.04
7/7/2015,3347
8/7/2015,3149.14
9/7/2015,3321.04
10/7/2015,3407.91
13/7/2015,3461.13
14/7/2015,3440.94
15/7/2015,3411.54
16/7/2015,3436.36
17/7/2015,3477.47
20/7/2015,3474.89
21/7/2015,3495.39
22/7/2015,3456.99
23/7/2015,3478.94
24/7/2015,3441.47
27/7/2015,3311.89
28/7/2015,3322.84
29/7/2015,3346.68
30/7/2015,3332.74
31/7/2015,3347.67
3/8/2015,3315.4
4/8/2015,3319.9
5/8/2015,3337.28
6/8/2015,3324.71
7/8/2015,3349.83
10/8/2015,3363.48
11/8/2015,3354.93
12/8/2015,3275.32
13/8/2015,3284.06
14/8/2015,3284.75
17/8/2015,3262.07
18/8/2015,3209.93
19/8/2015,3172.31
20/8/2015,3103.39
21/8/2015,3045.33
24/8/2015,2871.95
25/8/2015,2882.11
26/8/2015,2852.87
27/8/2015,2970.19
28/8/2015,2957.09
31/8/2015,2950.49
1/9/2015,2882.22
2/9/2015,2847.94
4/9/2015,2840.37
7/9/2015,2815.65
8/9/2015,2911.08
9/9/2015,3022.71
10/9/2015,2960.81
11/9/2015,2951.57
14/9/2015,2953.6
15/9/2015,2932.86
16/9/2015,2999.03
17/9/2015,2994.08
18/9/2015,3014.24
21/9/2015,2993.49
22/9/2015,2996.83
23/9/2015,2926.52
24/9/2015,2907.91
25/9/2015,2912.68
29/9/2015,2828.95
30/9/2015,2873.61
2/10/2015,2962.68
5/10/2015,3007.15
6/10/2015,3005.3
7/10/2015,3098.3
8/10/2015,3073.91
9/10/2015,3091.74
12/10/2015,3130.5
13/10/2015,3111.86
14/10/2015,3090.54
15/10/2015,3148.66
16/10/2015,3170.78
19/10/2015,3171.79
20/10/2015,3162.26
22/10/2015,3143.85
23/10/2015,3180.55
26/10/2015,3179.51
27/10/2015,3175.85
28/10/2015,3150
29/10/2015,3133.42
30/10/2015,3117.65
2/11/2015,3084.03
3/11/2015,3108.63
4/11/2015,3171.18
5/11/2015,3174.97
6/11/2015,3160.97
9/11/2015,3144.82
10/11/2015,3099.61
11/11/2015,3091.98
12/11/2015,3150.11
13/11/2015,3090.91
16/11/2015,3039.63
17/11/2015,3069.8
18/11/2015,3065.71
19/11/2015,3106.82
20/11/2015,3138.98
23/11/2015,3127.71
24/11/2015,3117.06
25/11/2015,3106.32
26/11/2015,3099.34
27/11/2015,3041.13
30/11/2015,3032.02
1/12/2015,3079.08
2/12/2015,3098.19
3/12/2015,3087.52
4/12/2015,3059.66
7/12/2015,3059.18
8/12/2015,3023.51
9/12/2015,3006.78
10/12/2015,2987.23
11/12/2015,2948.24
14/12/2015,2932.75
15/12/2015,2930.45
16/12/2015,2980.53
17/12/2015,3011.06
18/12/2015,2994.37
21/12/2015,3001.26
22/12/2015,3006.15
23/12/2015,3035.33
24/12/2015,3048.69
28/12/2015,3020.75
29/12/2015,3030.04
30/12/2015,3015.7
31/12/2015,3021.47
4/1/2016,2933.81
5/1/2016,2916.5
6/1/2016,2893.18
7/1/2016,2792.52
8/1/2016,2806.71
11/1/2016,2718.74
12/1/2016,2700.02
13/1/2016,2725.43
14/1/2016,2708.48
15/1/2016,2665.04
18/1/2016,2628.05
19/1/2016,2686.04
20/1/2016,2585.83
21/1/2016,2527.19
22/1/2016,2600.34
25/1/2016,2636.78
26/1/2016,2566.85
27/1/2016,2588.3
28/1/2016,2602.76
29/1/2016,2665
1/2/2016,2655.53
2/2/2016,2641.91
3/2/2016,2579.06
4/2/2016,2602.05
5/2/2016,2613.37
11/2/2016,2513.43
12/2/2016,2480.02
15/2/2016,2565.36
16/2/2016,2596.83
17/2/2016,2574.59
18/2/2016,2638.96
19/2/2016,2632.24
22/2/2016,2654.09
23/2/2016,2644.15
24/2/2016,2617.52
25/2/2016,2570.23
26/2/2016,2630.02
29/2/2016,2597.82
1/3/2016,2638.14
2/3/2016,2720.28
3/3/2016,2713.79
4/3/2016,2750.4
7/3/2016,2752.01
8/3/2016,2729.11
9/3/2016,2719.72
10/3/2016,2714.12
11/3/2016,2748.54
14/3/2016,2781.85
15/3/2016,2759.62
16/3/2016,2748.38
17/3/2016,2788.89
18/3/2016,2817.29
21/3/2016,2830.59
22/3/2016,2826.13
23/3/2016,2817.29
24/3/2016,2783.27
29/3/2016,2784.18
30/3/2016,2841.49
31/3/2016,2844.78
1/4/2016,2808.87
5/4/2016,2772.43
6/4/2016,2777.31
7/4/2016,2784.66
8/4/2016,2794.95
11/4/2016,2812.57
12/4/2016,2821.97
13/4/2016,2904.22
14/4/2016,2923.23
15/4/2016,2922.11
18/4/2016,2899.03
19/4/2016,2935.61
20/4/2016,2903.43
21/4/2016,2948.42
22/4/2016,2925
25/4/2016,2900.54
26/4/2016,2907.27
27/4/2016,2900.37
28/4/2016,2902.07
29/4/2016,2867.32
3/5/2016,2823.04
4/5/2016,2806.69
5/5/2016,2792.77
6/5/2016,2745.17
9/5/2016,2745.08
10/5/2016,2753.49
11/5/2016,2740.5
12/5/2016,2723.35
13/5/2016,2693.28
16/5/2016,2713.27
17/5/2016,2746.14
18/5/2016,2709.75
19/5/2016,2691.05
20/5/2016,2704.62
23/5/2016,2700.21
24/5/2016,2701.38
25/5/2016,2761
26/5/2016,2764.83
27/5/2016,2789.25
30/5/2016,2798.26
31/5/2016,2826.28
1/6/2016,2818.29
2/6/2016,2827.87
3/6/2016,2840.59
6/6/2016,2852.04
7/6/2016,2894.22
8/6/2016,2883.58
10/6/2016,2839.48
13/6/2016,2770.98
14/6/2016,2755.62
15/6/2016,2770.52
16/6/2016,2719.05
17/6/2016,2740.4
20/6/2016,2779.93
21/6/2016,2799.23
22/6/2016,2819.22
23/6/2016,2824.63
24/6/2016,2748.03
27/6/2016,2745.16
28/6/2016,2736.88
29/6/2016,2768.7
30/6/2016,2815.02
4/7/2016,2848.48
5/7/2016,2810.14
6/7/2016,2777.97
7/7/2016,2804.43
8/7/2016,2789.87
11/7/2016,2830.7
12/7/2016,2874.16
13/7/2016,2885.7
14/7/2016,2910.85
15/7/2016,2922.96
18/7/2016,2936.61
19/7/2016,2920.99
20/7/2016,2945.46
21/7/2016,2962.09
22/7/2016,2954.4
25/7/2016,2958.28
26/7/2016,2972.66
27/7/2016,2980.24
28/7/2016,2975.41
29/7/2016,2935.56
1/8/2016,2968.01
3/8/2016,2929.18
4/8/2016,2945.28
5/8/2016,2983.32
8/8/2016,3029.86
9/8/2016,3030.77
10/8/2016,3031.99
11/8/2016,3046.88
12/8/2016,3070.16
15/8/2016,3093.85
16/8/2016,3093.88
17/8/2016,3081.64
18/8/2016,3109.01
19/8/2016,3096.99
22/8/2016,3101.32
23/8/2016,3095.29
24/8/2016,3079.37
25/8/2016,3073.1
26/8/2016,3089.27
29/8/2016,3080.25
30/8/2016,3109.45
31/8/2016,3100.73
1/9/2016,3119.04
2/9/2016,3134.81
5/9/2016,3188.2
6/9/2016,3215.67
7/9/2016,3207.31
8/9/2016,3229.99
9/9/2016,3249.17
12/9/2016,3141.93
13/9/2016,3132.31
14/9/2016,3128.01
15/9/2016,3150.17
19/9/2016,3177.54
20/9/2016,3176.97
21/9/2016,3196.82
22/9/2016,3209.98
23/9/2016,3198.55
26/9/2016,3144.97
27/9/2016,3175.29
28/9/2016,3176.72
29/9/2016,3194.22
30/9/2016,3137.14
3/10/2016,3175.27
4/10/2016,3192.2
5/10/2016,3203.17
6/10/2016,3223.24
7/10/2016,3209.7
11/10/2016,3179.78
12/10/2016,3158.19
13/10/2016,3111.99
14/10/2016,3135.19
17/10/2016,3114.97
18/10/2016,3163.67
19/10/2016,3155.28
20/10/2016,3164.43
24/10/2016,3197.49
25/10/2016,3192.22
26/10/2016,3159.28
27/10/2016,3136.08
28/10/2016,3110.24
31/10/2016,3103.37
1/11/2016,3131.72
2/11/2016,3086.17
3/11/2016,3070.44
4/11/2016,3065.51
7/11/2016,3092.64
8/11/2016,3106.56
9/11/2016,3046.38
10/11/2016,3105.13
11/11/2016,3068.36
14/11/2016,3026.56
15/11/2016,3038.59
16/11/2016,3041.14
17/11/2016,3035.77
18/11/2016,3048.21
21/11/2016,3051.09
22/11/2016,3089.91
23/11/2016,3087.71
24/11/2016,3081.19
25/11/2016,3095.94
28/11/2016,3114.61
29/11/2016,3101.98
30/11/2016,3110.02
1/12/2016,3117.56
2/12/2016,3082.12
5/12/2016,3069.37
6/12/2016,3091.73
7/12/2016,3110.3
8/12/2016,3121.7
9/12/2016,3103.15
12/12/2016,3053.11
13/12/2016,3057.97
14/12/2016,3057.16
15/12/2016,3007.44
16/12/2016,3006.35
19/12/2016,2979.16
20/12/2016,2958.69
21/12/2016,2970.52
22/12/2016,2946.23
23/12/2016,2934.91
28/12/2016,2958.08
29/12/2016,2965.03
30/12/2016,2994.61
3/1/2017,3011.03
4/1/2017,3015.36
5/1/2017,3053.92
6/1/2017,3055.6
9/1/2017,3061.21
10/1/2017,3087.03
11/1/2017,3110.46
12/1/2017,3099.34
13/1/2017,3110.23
16/1/2017,3080.61
17/1/2017,3102.37
18/1/2017,3137.35
19/1/2017,3133.57
20/1/2017,3114.01
23/1/2017,3118.37
24/1/2017,3130.42
25/1/2017,3144.99
26/1/2017,3184.37
27/1/2017,3179.27
1/2/2017,3175.38
2/2/2017,3159.4
3/2/2017,3157.46
6/2/2017,3188.35
7/2/2017,3187.74
8/2/2017,3214.32
9/2/2017,3224.57
10/2/2017,3232.66
13/2/2017,3254.44
14/2/2017,3253.8
15/2/2017,3285.82
16/2/2017,3299.07
17/2/2017,3282.36
20/2/2017,3299.14
21/2/2017,3271.38
22/2/2017,3309.62
23/2/2017,3299.29
24/2/2017,3273.22
27/2/2017,3262.23
28/2/2017,3243.05
1/3/2017,3253.68
2/3/2017,3251.57
3/3/2017,3229.88
6/3/2017,3239.39
7/3/2017,3253.01
8/3/2017,3268.11
9/3/2017,3230.97
10/3/2017,3238.12
13/3/2017,3282.11
14/3/2017,3282.95
15/3/2017,3285.3
16/3/2017,3346.44
17/3/2017,3348.83
20/3/2017,3367.24
21/3/2017,3380.07
22/3/2017,3343.22
23/3/2017,3349.53
24/3/2017,3350.48
27/3/2017,3314.9
28/3/2017,3338.34
29/3/2017,3343.71
30/3/2017,3327.53
31/3/2017,3310.11
3/4/2017,3335.09
5/4/2017,3356.8
6/4/2017,3341.91
7/4/2017,3343.33
10/4/2017,3337.79
11/4/2017,3318.57
12/4/2017,3345.47
13/4/2017,3339.63
18/4/2017,3291.93
19/4/2017,3282.12
20/4/2017,3309.57
21/4/2017,3306.89
24/4/2017,3316.37
25/4/2017,3358.54
26/4/2017,3370.66
27/4/2017,3376.02
28/4/2017,3367.44
2/5/2017,3374.6
4/5/2017,3366.09
5/5/2017,3335.68
8/5/2017,3351.96
9/5/2017,3392.79
10/5/2017,3405.2
11/5/2017,3419.1
12/5/2017,3422.07
15/5/2017,3444.89
16/5/2017,3447.2
17/5/2017,3440.89
18/5/2017,3414.88
19/5/2017,3426.01
22/5/2017,3455.94
23/5/2017,3452.92
24/5/2017,3457.31
25/5/2017,3487.85
26/5/2017,3487.96
29/5/2017,3501.52
31/5/2017,3493.47
1/6/2017,3507.41
2/6/2017,3521.83
5/6/2017,3517.68
6/6/2017,3531.32
7/6/2017,3533.4
8/6/2017,3549.64
9/6/2017,3540.11
12/6/2017,3500.05
13/6/2017,3518.53
14/6/2017,3519.61
15/6/2017,3477.21
16/6/2017,3483.34
19/6/2017,3522.43
20/6/2017,3515.26
21/6/2017,3500.59
22/6/2017,3498.68
23/6/2017,3502.05
26/6/2017,3529.64
27/6/2017,3527.38
28/6/2017,3505.43
29/6/2017,3549.21
30/6/2017,3529.18
3/7/2017,3542.67
4/7/2017,3489.79
5/7/2017,3509.82
6/7/2017,3511.78
7/7/2017,3497.29
10/7/2017,3508.77
11/7/2017,3554.54
12/7/2017,3568.85
13/7/2017,3611.7
14/7/2017,3621.51
17/7/2017,3629.12
18/7/2017,3633.83
19/7/2017,3669.04
20/7/2017,3677.42
21/7/2017,3671.13
24/7/2017,3687.47
25/7/2017,3686.88
26/7/2017,3693.92
27/7/2017,3722.52
28/7/2017,3695.88
31/7/2017,3741.02
1/8/2017,3759.68
2/8/2017,3770.81
3/8/2017,3746.73
4/8/2017,3758.55
7/8/2017,3779.33
8/8/2017,3805.03
9/8/2017,3795.29
10/8/2017,3750.25
11/8/2017,3664.2
14/8/2017,3718.33
15/8/2017,3705.92
16/8/2017,3735.57
17/8/2017,3732.8
18/8/2017,3695.54
21/8/2017,3710.9
22/8/2017,3744.16
24/8/2017,3763.2
25/8/2017,3798.93
28/8/2017,3795.8
29/8/2017,3784.08
30/8/2017,3827.08
31/8/2017,3823.62
1/9/2017,3825.2
4/9/2017,3799.45
5/9/2017,3806.27
6/9/2017,3793.96
7/9/2017,3788.74
8/9/2017,3803.55
11/9/2017,3841.48
12/9/2017,3853.68
13/9/2017,3854.58
14/9/2017,3848.88
15/9/2017,3852.52
18/9/2017,3906.46
19/9/2017,3895.97
20/9/2017,3916.42
21/9/2017,3920.48
22/9/2017,3888.62
25/9/2017,3812.81
26/9/2017,3812.02
27/9/2017,3842.39
28/9/2017,3809.11
29/9/2017,3833.01
3/10/2017,3918.67
4/10/2017,3946.33
6/10/2017,3965.47
9/10/2017,3944.67
10/10/2017,3970.74
11/10/2017,3948.64
12/10/2017,3958.97
13/10/2017,3965.04
16/10/2017,3990.59
17/10/2017,3984.55
18/10/2017,3990.41
19/10/2017,3914.66
20/10/2017,3966.95
23/10/2017,3954.3
24/10/2017,3934.83
25/10/2017,3959.75
26/10/2017,3943.97
27/10/2017,3953.29
30/10/2017,3937.37
31/10/2017,3938.36
1/11/2017,3980.57
2/11/2017,3969.06
3/11/2017,3978.59
6/11/2017,3979.3
7/11/2017,4031.29
8/11/2017,4021.36
9/11/2017,4053.2
10/11/2017,4050.83
13/11/2017,4057.04
14/11/2017,4045.77
15/11/2017,4001.83
16/11/2017,4026.08
17/11/2017,4042.6
20/11/2017,4050.39
21/11/2017,4117.28
22/11/2017,4143.7
23/11/2017,4097.15
24/11/2017,4117.18
27/11/2017,4083.66
28/11/2017,4086.94
29/11/2017,4085.16
30/11/2017,4026.3
1/12/2017,4011.59
4/12/2017,4023.98
5/12/2017,3985.01
6/12/2017,3892.21
7/12/2017,3900.01
8/12/2017,3958.9
11/12/2017,4008.41
12/12/2017,3980.48
13/12/2017,4027.72
14/12/2017,4028.39
15/12/2017,3980.78
18/12/2017,3998.82
19/12/2017,4031.32
20/12/2017,4026.8
21/12/2017,4055.13
22/12/2017,4085.98
27/12/2017,4090.09
28/12/2017,4128.95
29/12/2017,4140.45
2/1/2018,4224.21
3/1/2018,4239.86
4/1/2018,4264.77
5/1/2018,4278.16
8/1/2018,4303.51
9/1/2018,4316.85
10/1/2018,4325.97
11/1/2018,4325.71
12/1/2018,4365.36
15/1/2018,4334.73
16/1/2018,4410.05
17/1/2018,4420.47
18/1/2018,4435.97
19/1/2018,4466.11
22/1/2018,4497.94
23/1/2018,4563.62
24/1/2018,4569.13
25/1/2018,4529.43
26/1/2018,4594.24
29/1/2018,4564.42
30/1/2018,4506.45
31/1/2018,4534.48
1/2/2018,4498.35
2/2/2018,4502.24
5/2/2018,4447.9
6/2/2018,4213.42
7/2/2018,4177.86
8/2/2018,4195.69
9/2/2018,4061.27
12/2/2018,4071.45
13/2/2018,4130.42
14/2/2018,4213.71
15/2/2018,4294.94
20/2/2018,4276.13
21/2/2018,4347.76
22/2/2018,4290.23
23/2/2018,4335.25
26/2/2018,4360.93
27/2/2018,4321.33
28/2/2018,4270.28
1/3/2018,4298.21
2/3/2018,4234.48
5/3/2018,4147.83
6/3/2018,4233.45
7/3/2018,4192.62
8/3/2018,4256.81
9/3/2018,4298.34
12/3/2018,4375.4
13/3/2018,4373.85
14/3/2018,4356.14
15/3/2018,4373.71
16/3/2018,4370.62
19/3/2018,4364.47
20/3/2018,4373.89
21/3/2018,4347.11
22/3/2018,4296.14
23/3/2018,4182.55
26/3/2018,4215.37
27/3/2018,4255.78
28/3/2018,4149
29/3/2018,4158.66
3/4/2018,4174.28
4/4/2018,4100.17
6/4/2018,4144.4
9/4/2018,4193.13
10/4/2018,4260.92
11/4/2018,4273.9
12/4/2018,4259.32
13/4/2018,4250.93
16/4/2018,4186.34
17/4/2018,4141.17
18/4/2018,4162.12
19/4/2018,4219.04
20/4/2018,4173.48
23/4/2018,4145.48
24/4/2018,4207.54
25/4/2018,4173.14
26/4/2018,4130.64
27/4/2018,4167.74
30/4/2018,4237.93
2/5/2018,4225.93
3/5/2018,4177.44
4/5/2018,4132.79
7/5/2018,4148.67
8/5/2018,4201.7
9/5/2018,4217.84
10/5/2018,4250.12
11/5/2018,4284.72
14/5/2018,4342.01
15/5/2018,4302.41
16/5/2018,4297.27
17/5/2018,4275.6
18/5/2018,4293.87
21/5/2018,4314.18
23/5/2018,4253.04
24/5/2018,4267.67
25/5/2018,4250.44
28/5/2018,4274.75
29/5/2018,4226.64
30/5/2018,4168.29
31/5/2018,4234.97
1/6/2018,4232.08
4/6/2018,4299.68
5/6/2018,4310.72
6/6/2018,4332.75
7/6/2018,4357.48
8/6/2018,4285.67
11/6/2018,4302.72
12/6/2018,4314.43
13/6/2018,4269.47
14/6/2018,4228.19
15/6/2018,4207.03
19/6/2018,4078.67
20/6/2018,4105.18
21/6/2018,4057.17
22/6/2018,4066.54
25/6/2018,4003.91
26/6/2018,3979.46
27/6/2018,3891.82
28/6/2018,3905.36
29/6/2018,3978.97
3/7/2018,3915.91
4/7/2018,3857.82
5/7/2018,3845.18
6/7/2018,3862
9/7/2018,3932.2
10/7/2018,3927.3
11/7/2018,3876.53
12/7/2018,3909.97
13/7/2018,3922.21
16/7/2018,3917.89
17/7/2018,3875.47
18/7/2018,3873.21
19/7/2018,3851.89
20/7/2018,3876.2
23/7/2018,3879.66
24/7/2018,3939.72
25/7/2018,3973.84
26/7/2018,3946.32
27/7/2018,3958.77
30/7/2018,3940.26
31/7/2018,3910.72
1/8/2018,3888.1
2/8/2018,3823.72
3/8/2018,3780.26
6/8/2018,3829.04
7/8/2018,3849.05
8/8/2018,3861.5
9/8/2018,3906.34
10/8/2018,3875.65
13/8/2018,3818.74
14/8/2018,3782.58
15/8/2018,3697.96
16/8/2018,3671.66
17/8/2018,3683.01
20/8/2018,3735.21
21/8/2018,3779.52
22/8/2018,3800.6
23/8/2018,3785.01
24/8/2018,3765.84
