Tickers,ROE>5,Increasing Revenue,Positive OCF,Increasing EPS,Quality of Earnings,Long Term Debt vs Asset,Increasing Net Income,Market Cap > Median,Increasing Asset Turnover
1728 HK Equity,1.6296150824823252,1.2796543597800472,0.8784367635506677,1.5571484681853889,0.48605655930871955,0.6663393558523174,1.2955616653574233,0.5161036920659858,0.6910840534171249
1999 HK Equity,1.6418453292496171,1.257656967840735,0.43070444104134764,1.2679938744257273,1.2559341500765697,0.11198315467075039,0.7218606431852986,0.7408116385911179,1.5712098009188362
1929 HK Equity,2.7564903056194545,0.6003943476832073,0.7541899441340782,0.9937561616825501,0.10943148209004272,0.624055208675649,0.9168583634571147,1.416694051922445,0.8281301347354584
2331 HK Equity,0.9394377842083506,1.2091773460107482,0.9022323274080198,0.9561802397684994,1.8453906572964034,1.3914840843323688,1.305911533691608,0.32554774700289374,0.12463828028110789
1114 HK Equity,1.0432190760059612,1.1162444113263785,1.414307004470939,1.0864381520119224,1.1549925484351713,1.1833084947839045,1.157973174366617,0.7496274217585693,0.09388971684053651
3813 HK Equity,2.374064837905237,0.11471321695760599,1.0698254364089776,0.5286783042394015,0.5561097256857855,0.19201995012468828,1.827930174563591,1.4214463840399003,0.9152119700748129
136 HK Equity,0.9550444328280188,1.9453737584945112,0.18348144276006273,0.09644537375849452,2.0888656560376373,1.439623627809723,1.0303188708834292,0.8209618400418192,0.4398849973863042
1211 HK Equity,0.9338823529411765,1.3108235294117647,1.2388235294117647,0.1588235294117647,2.098588235294118,1.2748235294117647,1.1371764705882352,0.11223529411764706,0.7348235294117647
3818 HK Equity,1.3163076923076924,0.0018461538461538461,1.776,1.7575384615384615,1.464,0.42830769230769233,1.4307692307692308,0.2123076923076923,0.6129230769230769
1828 HK Equity,1.6649148623081773,1.831406348538995,1.3792306075257514,1.1919276855160816,0.478663022913601,0.50325835610679,1.208955223880597,0.40676897204120244,0.33487492116880385
494 HK Equity,1.5195836273817924,0.9431898376852506,1.5164079040225829,1.4020818630910374,0.7002470007057163,0.8415666901905434,0.23659139026111503,0.2889908256880734,1.5513408609738886
1086 HK Equity,0.4144736842105263,1.9866152450090744,1.345508166969147,0.04900181488203267,0.05308529945553539,1.5394736842105263,1.0984573502722323,0.9902450090744102,1.5231397459165155
860 HK Equity,0.09194097616345062,0.684449489216799,1.3944381384790012,0.7457434733257662,0.7048808172531215,2.3521566401816116,1.7494324631101021,0.49545970488081725,0.7814982973893303
819 HK Equity,0.7512437810945274,0.3582089552238806,2.2388059701492535,0.29850746268656714,0.5522388059701493,1.3482587064676617,0.208955223880597,1.0845771144278606,2.1592039800995027
78 HK Equity,1.0211041701840284,1.3386797231132872,1.4982272497045417,1.4465642410940402,0.144352524058754,1.399459733243289,1.4465642410940402,0.2051325341887557,0.4999155833192639
2282 HK Equity,0.2570521861777151,0.3586036671368124,0.4633286318758815,2.7450634696755993,1.018688293370945,0.8885754583921015,0.9139633286318759,1.1488011283497885,1.2059238363892806
1212 HK Equity,0.96964586846543,0.7369308600337268,1.193929173693086,0.26475548060708265,1.650927487352445,0.8397976391231029,1.6104553119730185,1.0640809443507588,0.6694772344013491
1269 HK Equity,0.21620348563353745,1.9415920866698069,0.4133301931229392,0.4430051813471503,1.6109279321714556,1.481629769194536,0.19500706547338673,1.4879886952425811,1.2103155911446066
547 HK Equity,0.7372141372141372,1.334095634095634,1.379002079002079,1.1862785862785863,1.2311850311850312,0.8476091476091476,1.6783783783783783,0.34054054054054056,0.2656964656964657
175 HK Equity,0.3196598299149575,1.2718859429714857,0.195847923961981,0.7068534267133567,0.4524762381190595,0.9207103551775888,1.8684342171085542,1.145822911455728,2.1183091545772887
256 HK Equity,0.930318412551915,1.5802953391785879,0.2014305491462852,0.05606829718504845,0.07268112598061836,1.8772496538994001,0.7371942778034148,2.0496077526534378,1.495154591601292
489 HK Equity,1.2125140924464488,0.6324689966178129,1.3799323562570462,0.733934611048478,0.8354002254791432,1.3156708004509583,1.528748590755355,0.5073280721533259,0.8540022547914318
1293 HK Equity,0.7829046898638427,0.9553706505295008,0.47881996974281393,0.038577912254160365,1.9674735249621784,1.08018154311649,1.273071104387292,1.502269288956127,0.9213313161875946
848 HK Equity,2.0272439795670154,1.3573339819995136,1.9922160058379956,0.9304305521770858,0.48382388713208463,0.26708829968377523,1.0552177085867185,0.28898078326441257,0.5976648017513987
669 HK Equity,0.29227323628219487,0.41153415453527437,1.5671892497200448,1.1405375139977603,1.473124300111982,1.5856662933930572,1.007838745800672,0.3292273236282195,1.1926091825307952
1382 HK Equity,1.7861783815711754,2.440047253396338,0.8160070880094507,0.26580035440047256,0.2923803898405198,1.6559362079149438,1.5256940342587124,0.042528056704075605,0.17542823390431186
1060 HK Equity,1.6108403197504386,0.10177422499512576,0.643985182296744,1.6020666796646519,1.6055761356989666,1.6985767206083058,0.44745564437512186,1.0019496977968414,0.2877753948138039
521 HK Equity,0.7366482504604052,1.1215469613259668,1.3388581952117864,0.5598526703499079,0.5101289134438306,1.7974217311233887,0.56353591160221,1.022099447513812,1.3499079189686924
1128 HK Equity,1.2882254464285714,0.38671875,1.6448102678571428,1.9888392857142858,0.18833705357142858,0.18080357142857142,1.0622209821428572,2.197265625,0.06277901785714286
1028 HK Equity,0.4005681818181818,0.6136363636363636,0.8842329545454546,0.5582386363636364,0.9758522727272727,1.8515625,1.9985795454545454,1.1910511363636365,0.5262784090909091
538 HK Equity,1.2193195625759417,1.1892466585662211,0.11072296476306197,1.017010935601458,1.2548602673147022,0.8652794653705954,1.2780984204131227,1.0511846901579587,1.0142770352369381
1368 HK Equity,1.4446444644464447,1.6795679567956796,0.20252025202520252,0.4239423942394239,1.0666066606660667,0.1782178217821782,0.18361836183618363,2.5706570657065706,1.2502250225022502
178 HK Equity,2.003715347242069,0.3601028865390111,0.221206058873964,2.114318376679051,0.29579879965704486,0.1569019719919977,2.196627607887968,0.23921120320091455,1.4121177479279794
2238 HK Equity,1.5330739299610896,0.17509727626459143,1.45136186770428,2.7937743190661477,0.10505836575875487,0.38910505836575876,1.0038910505836576,0.42412451361867703,1.1245136186770428
27 HK Equity,0.9568251907157929,1.2197695179354,1.368771303359844,0.6047719526050965,1.2884272033760753,1.0094140561597142,0.6237623762376238,1.4228209706216524,0.5054374289888005
200 HK Equity,0.2653787493645145,1.958312150482969,0.9059481443823081,1.4046771733604473,0.38434163701067614,1.2491103202846976,1.6265887137773258,0.9265378749364515,0.2791052364006101
1361 HK Equity,1.2721030042918455,2.557081545064378,1.9854077253218885,0.14678111587982834,0.3090128755364807,1.7587982832618025,0.5896995708154507,0.3682403433476395,0.012875536480686695
52 HK Equity,0.4455737704918033,1.3942622950819672,0.779016393442623,1.4355737704918032,0.8542622950819672,0.609344262295082,1.1316393442622952,0.8778688524590164,1.4724590163934426
425 HK Equity,0.37187789084181316,1.5985198889916743,1.0712303422756706,0.910268270120259,1.6901017576318225,0.21091581868640147,2.1591119333950046,0.030527289546716005,0.9574468085106383
881 HK Equity,1.1611248337450124,1.439863195895877,1.373171195135854,1.6484894546836406,0.6121983659509785,0.7079612388371651,0.5147254417632529,1.4980049401482045,0.0444613338400152
951 HK Equity,0.7023346303501945,1.9280155642023347,0.5447470817120622,0.29377431906614787,0.6478599221789884,0.5136186770428015,0.9066147859922179,1.943579766536965,1.5194552529182879
3389 HK Equity,0.11996191685179308,0.6712154871469375,2.4449381148841636,1.5823548079974612,0.19136781973976516,1.1424944462075532,0.002856236115518883,2.3535385591875597,0.49127261186924787
308 HK Equity,0.44345377756921633,1.1994368840919756,0.975598310652276,0.5469263256687001,0.5933833880807132,1.2501173158141718,1.4486156733927733,1.2374472078836227,1.3050211168465509
590 HK Equity,1.4560029149207505,0.7165239570049189,1.5724175623975223,1.124795044634724,0.4148296593186373,1.436327199854254,0.560757879395154,0.24430679540899983,1.4740389870650392
330 HK Equity,1.2038102798174242,1.6967652311966661,1.000198452073824,1.732486604485017,0.4304425481246279,0.9358999801547926,0.35364159555467356,0.20182575907918238,1.4449295495137924
868 HK Equity,0.5777531820697288,2.3707802988378526,0.7022689540675152,0.15439955727725513,0.012451577199778638,0.16436081903707803,2.4554510237963476,0.09712230215827339,2.4654122855561704
1234 HK Equity,0.1288782816229117,1.9589498806682577,1.0847255369928401,1.11909307875895,0.3329355608591885,0.2534606205250597,0.7109785202863962,1.7656324582338903,1.645346062052506
2020 HK Equity,2.4335084324025433,0.9679292231130772,0.21398949405584738,1.4680674592203484,0.7315454796792922,1.351119712468897,0.049764998617638924,1.3386784628144872,0.4453967376278684
551 HK Equity,1.0909772556860784,2.046988252936766,0.2609347663084229,0.60959760059985,0.5781054736315921,1.1224693826543364,1.543114221444639,1.0797300674831292,0.6680829792551862
341 HK Equity,1.3013809910641754,0.9533712428919577,0.8758732737611697,0.7325751421608448,1.3218521527213647,0.9168155970755484,0.872948822095857,1.2735987002437044,0.7515840779853777
493 HK Equity,1.3938584779706276,0.5441541102422277,1.6650772458516117,1.3011634560366203,0.8703032614915125,0.5956513446500096,0.9973297730307076,0.506389471676521,1.126072859050162
1928 HK Equity,1.7174311926605506,1.5330275229357797,0.15137614678899083,0.0853211009174312,0.3660550458715596,0.45137614678899085,2.1550458715596332,2.328440366972477,0.21192660550458717
1070 HK Equity,0.35540245336918164,1.4700050411695513,1.1962695345320113,1.2159300957822214,1.0601579566459418,1.3142329020332717,0.7334901697193749,1.412535708284322,0.24197613846412366
1169 HK Equity,2.052559414990859,1.9661791590493602,1.5918647166361974,0.4462979890310786,0.8226691042047533,0.18510054844606946,0.25914076782449724,1.0571297989031079,0.6190585009140768
419 HK Equity,0.30456200471192973,0.0944527736131934,0.9907903191261512,1.5016063396872992,1.7213536089098307,1.2047547654744057,1.497751124437781,0.0983079888627115,1.5864210751766974
2313 HK Equity,0.4800272355878348,0.9845665002269632,0.9089877439854743,1.3665456196096233,1.3542896050839763,1.4237403540626419,0.5167952791647753,0.12460281434407626,1.8404448479346347
751 HK Equity,0.934468085106383,1.2714893617021277,1.498212765957447,1.0570212765957447,0.7705531914893617,0.8839148936170212,1.513531914893617,0.8119148936170213,0.2588936170212766
2006 HK Equity,1.947902097902098,0.7395104895104895,0.7804195804195804,0.16363636363636364,0.12272727272727273,2.6055944055944056,1.5262237762237763,0.7804195804195804,0.33356643356643356
880 HK Equity,0.19825436408977556,0.9894014962593516,1.5729426433915212,0.6097256857855362,1.8216957605985038,1.2306733167082293,0.5704488778054863,1.0997506234413965,0.9071072319201995
511 HK Equity,0.817621547591874,0.6286236019173704,0.6697101118466103,0.421136726774709,1.175074183976261,1.5037662634101803,1.4996576124172563,0.8032412691166401,1.4811686829490984
321 HK Equity,0.0910378312765527,1.279991907748331,0.6864252478252074,1.6332186931013555,0.21120776856160225,1.513048755816306,1.3382561197653247,1.1325106210803155,1.114303054825005
2678 HK Equity,1.3650028907303913,0.4700327616111004,0.4700327616111004,1.7327037964925804,1.1811524378492966,1.7032183465022162,0.05203314704181923,1.4690691848140296,0.5567546733474658
2001 HK Equity,1.1975381008206332,0.8150644783118406,2.302754982415006,0.2954279015240328,0.04484173505275498,1.1658851113716295,0.10287221570926143,1.7593786635404456,1.3162368112543963
2232 HK Equity,0.9525625744934446,1.160667461263409,1.9566150178784267,1.0448152562574493,0.4462455303933254,0.24028605482717522,1.8815256257449344,0.5148986889153755,0.8023837902264601
772 HK Equity,0.43648960739030024,1.53810623556582,1.4549653579676673,0.9872979214780601,0.18498845265588915,0.8501154734411085,1.261662817551963,0.976905311778291,1.3094688221709008
839 HK Equity,0.3781302170283806,2.1485809682804673,1.7153589315525877,0.29799666110183637,0.04757929883138564,0.1352253756260434,1.2621035058430718,1.7203672787979967,1.2946577629382303
3998 HK Equity,1.5511776359233986,0.5764913053048646,0.8201628879594981,1.1470394012766894,0.487343165309267,0.5725291657495047,1.3788245652652433,0.6696015848558221,1.7968302883557121
709 HK Equity,1.1384858044164037,0.7779179810725552,1.3088328075709779,1.9419558359621452,1.5899053627760253,0.522397476340694,1.3003154574132492,0.20157728706624606,0.21861198738170348
6068 HK Equity,1.416645712848881,1.3464923309026904,0.525018858436007,0.7603721398038723,1.9145084234347498,0.3552929343726427,1.3555443801860698,0.5363339200402313,0.7897912999748554
6169 HK Equity,0.8543445504771472,2.0793571069814165,0.9131089904570567,0.8159216474133602,0.08588648920140633,1.0396785534907083,0.922149673530889,1.0215971873430436,1.2679558011049723
1569 HK Equity,1.880560798058776,0.9948773254246428,2.074683203019682,0.08007549204637368,1.6015098409274737,0.6139121056888649,1.1792936101375033,0.03397142086815853,0.5411162038285252
45 HK Equity,1.4427143091296508,1.023766595640059,0.5605638419931159,0.4012456974266514,1.2229142763481395,0.9957384035404032,0.9544336993935421,1.3645304048516638,1.0340927716767743
1970 HK Equity,1.6276363636363635,1.5861818181818181,0.5738181818181818,1.4814545454545454,0.3250909090909091,0.2661818181818182,0.9556363636363636,1.7716363636363637,0.4123636363636364
2199 HK Equity,0.714078374455733,1.532656023222061,0.8904208998548622,1.5,0.41146589259796806,1.8984034833091437,0.3200290275761974,1.1015965166908563,0.6313497822931785
1585 HK Equity,0.6058414464534075,0.5407510431154381,0.06258692628650904,1.411961057023644,2.4684283727399166,0.14269819193324063,2.1930458970792768,0.4656467315716273,1.1090403337969401
198 HK Equity,0.20342814089282352,1.2510830664908645,1.5867394989640233,1.6460727067244303,1.3307590883405538,0.7492936522885666,0.8272744396308156,0.8560934262572989,0.5492559804106235
680 HK Equity,0.7400584138395866,1.30420130307796,1.9350707706133454,0.5944731521006515,0.8532913951920916,0.3781172770164008,1.2678049876432262,1.7207369130532464,0.20624578746349134
3836 HK Equity,0.022413402762055695,0.08761602897894498,0.7355671270092823,1.797147385103011,0.4360425628254471,1.63210323749151,0.786506678741227,1.7074937740547884,1.7951098030337334
1680 HK Equity,1.3602771362586605,0.3672055427251732,1.2355658198614319,0.2540415704387991,1.5011547344110854,0.2632794457274827,0.8475750577367206,2.240184757505774,0.930715935334873
1316 HK Equity,0.44938941655359566,0.2881953867028494,0.15630936227951153,0.757123473541384,0.849932157394844,1.5289009497964723,1.653459972862958,1.1527815468113976,2.1639077340569877
2333 HK Equity,1.2742230347349177,0.9049360146252285,0.3071297989031079,0.3875685557586837,1.5045703839122486,1.6727605118829982,0.793418647166362,0.9305301645338209,1.2248628884826325
1899 HK Equity,1.1516894320632638,1.2277138749101366,1.3005032350826744,0.46585190510424157,1.2730050323508268,1.0255212077641984,0.4998202731847592,1.5673975557153128,0.48849748382458663
1317 HK Equity,1.5354659248956886,0.45897079276773295,0.17107093184979139,0.6321279554937413,0.5257301808066759,0.8073713490959666,2.084144645340751,2.086230876216968,0.6988873435326843
1478 HK Equity,1.777992277992278,1.666023166023166,0.9942084942084942,1.225868725868726,1.9227799227799227,0.49613899613899615,0.3204633204633205,0.47876447876447875,0.11776061776061776
1958 HK Equity,0.7338886453309952,1.290223586146427,0.7082419991231916,0.15190705830775975,0.4083735203857957,1.0751863217886892,1.6867601928978517,1.2113108285839544,1.7341078474353353
3606 HK Equity,1.123217115689382,1.0946909667194928,0.4599841521394612,0.9431458003169572,1.3781695721077654,1.765055467511886,0.34944532488114105,1.7507923930269413,0.13549920760697307
69 HK Equity,0.49937421777221525,0.613892365456821,1.8285356695869837,1.188360450563204,1.400500625782228,0.21214017521902379,0.9480600750938674,0.6833541927409261,1.625782227784731
1448 HK Equity,1.1934737329321916,2.0411941680166628,0.30201342281879195,0.7248322147651006,0.4415644526729924,1.1476510067114094,0.006248553575561213,1.7745892154593843,1.3684332330479057
2255 HK Equity,1.9925068119891007,0.590599455040872,0.38419618528610355,0.8562670299727521,0.6008174386920981,1.2506811989100817,1.1239782016348774,1.438692098092643,0.7622615803814714
2111 HK Equity,1.3552036199095023,0.9864253393665159,0.3936651583710407,0.7262443438914027,0.248868778280543,0.1583710407239819,1.2941176470588236,1.748868778280543,2.088235294117647
787 HK Equity,1.7424418604651162,0.7709302325581395,0.2982558139534884,1.5104651162790699,1.194767441860465,0.7848837209302325,0.44127906976744186,1.4755813953488373,0.7813953488372093
2298 HK Equity,1.4265905383360522,2.3882544861337682,1.2088091353996737,0.7267536704730831,0.3034257748776509,1.7104404567699838,0.009787928221859706,0.3523654159869494,0.8735725938009788
400 HK Equity,0.4981928856762412,0.9963857713524824,0.7019212478599962,1.272018261365798,1.3319383678904317,0.9039376070001902,0.561536998287997,1.6212668822522351,1.1128019783146281
1230 HK Equity,1.0488270074384893,1.352660690444402,0.7175281327484265,0.6883463665840168,1.199885561701316,1.27369826435247,1.129506008010681,1.5294678619111195,0.06008010680907877
2222 HK Equity,1.4352272727272728,1.365340909090909,0.18920454545454546,0.8335227272727272,0.915340909090909,0.9255681818181818,0.9869318181818182,1.5596590909090908,0.7892045454545454
151 HK Equity,0.6533807829181495,0.80711743772242,0.4067615658362989,1.4765124555160143,2.805693950177936,2.01779359430605,0.2594306049822064,0.0,0.5733096085409253
6808 HK Equity,0.25122595247076573,1.2357600905318749,0.4990569596378725,1.2187853640135797,0.8046020369671822,0.6043002640513014,1.5107506601282534,0.6382497170878914,2.2372689551112788
606 HK Equity,0.6956261234272019,2.4427801078490115,1.9844218094667465,0.9032354703415219,0.0026962252846015576,0.8034751348112642,0.9005392450569203,0.14559616536848413,1.121629718394248
1117 HK Equity,1.049184204303618,0.6959091983920549,0.5554504611019153,1.764246866871601,1.3003074012768976,0.02553795223457082,1.8302199101442422,0.9193662804445495,0.859777725230551
1115 HK Equity,2.51712,0.31968,0.576,0.79488,0.98208,0.86112,0.12384,0.79488,2.0304
1112 HK Equity,1.1568516421291053,0.7440543601359003,1.0906002265005663,1.113533408833522,0.6319365798414496,0.21404303510758776,2.1939411098527746,1.6308040770101926,0.22423556058890148
1886 HK Equity,1.3817934782608696,0.8050271739130435,0.8498641304347826,2.029891304347826,0.36277173913043476,1.3125,1.5224184782608696,0.13043478260869565,0.6052989130434783
506 HK Equity,1.307753164556962,2.0672468354430378,0.3916139240506329,0.372626582278481,1.7895569620253164,0.44145569620253167,0.569620253164557,0.7286392405063291,1.331487341772152
43 HK Equity,1.3534978033119298,0.1155795876985468,1.5481581615410611,0.8212233862791484,0.15207840486650895,0.5170665765461304,0.6843528218992903,2.0621831699898614,1.7458600878675228
220 HK Equity,1.3943070461969203,1.0205319645356976,0.8378441437237517,0.5648623425104993,1.3796080261315913,1.0289314045730285,0.5312645823611759,0.6068595426971535,1.635790947270182
2319 HK Equity,0.28025316455696203,2.0551898734177216,2.1668354430379746,0.5741772151898734,0.5263291139240507,0.610632911392405,0.8407594936708861,1.2577215189873419,0.6881012658227849
1044 HK Equity,0.0480807281361298,1.5937870993272656,0.8565492679066087,0.9794222398100515,1.6044717055797388,1.3106450336367235,0.8209339137316977,0.1780767708745548,1.60803324099723
168 HK Equity,1.4941785252263906,0.22897800776196636,0.22703751617076326,1.5989650711513583,0.7723156532988357,1.5097024579560154,1.4146183699870634,0.7994825355756792,0.9547218628719275
345 HK Equity,0.6756276946487446,2.0017752979964496,0.34009637331980724,0.6619325386761349,1.056809535886381,0.8993152422013695,2.156987065686026,1.1024600557950799,0.1049961957900076
291 HK Equity,1.1454545454545455,1.4650267379679145,1.6171122994652407,0.28106951871657754,0.47358288770053475,0.7854545454545454,1.1762566844919786,0.5409625668449198,1.5150802139037434
1579 HK Equity,1.9677669902912622,0.272621359223301,1.1568932038834951,1.2337864077669902,1.6357281553398058,0.42640776699029126,0.272621359223301,0.2866019417475728,1.7475728155339805
1610 HK Equity,0.7747661767512884,0.7902271425844627,1.0874212635999236,0.018896736018324107,1.4550486734109562,1.6989883565565949,0.21817140675701469,1.4413055926703568,1.5151746516510785
1458 HK Equity,0.38808234019501625,0.2515709642470206,1.5347778981581799,1.390465872156013,1.7590465872156014,1.370964247020585,0.8307692307692308,1.2929577464788733,0.18136511375947995
322 HK Equity,1.3956335441746581,1.4048153438073863,0.32319934707202613,1.4635788614568455,0.98979800040808,0.6372168945113242,1.428688022852479,0.9493980820240767,0.40767190369312384
3799 HK Equity,1.2462765957446809,1.0037234042553191,0.6031914893617021,1.401063829787234,0.8904255319148936,1.5047872340425532,0.8297872340425532,0.526595744680851,0.9941489361702127
1219 HK Equity,0.5469613259668509,1.0814917127071824,1.5103591160220995,1.4316298342541436,1.0255524861878453,0.8225138121546961,0.975828729281768,0.636049723756906,0.9696132596685083
288 HK Equity,2.5573385518591,1.8704500978473582,0.19373776908023482,0.5776908023483366,0.5318982387475538,0.5741682974559686,1.3244618395303327,0.18669275929549903,1.1835616438356165
1432 HK Equity,1.7375934738273284,1.2134602311352822,0.4874235214140041,1.6172671651937458,0.5078178110129163,1.0197144799456153,1.5560842963970087,0.6057104010876955,0.2549286199864038
342 HK Equity,0.6107865168539326,0.5764044943820225,1.9597752808988764,0.37820224719101125,0.4307865168539326,1.642247191011236,1.8384269662921349,1.175056179775281,0.38831460674157303
934 HK Equity,1.9117241379310346,0.19034482758620688,0.9744827586206897,1.6841379310344828,1.8786206896551725,0.04758620689655172,0.3393103448275862,0.9641379310344828,1.0096551724137932
386 HK Equity,0.842077649527807,1.0860440713536201,0.29275970619097585,1.295383001049318,1.3520461699895068,0.37145855194123817,0.9790136411332634,1.2922350472193074,1.4889821615949632
467 HK Equity,1.6417624521072798,1.21455938697318,1.681992337164751,1.7509578544061302,0.1111111111111111,0.47701149425287354,1.3237547892720307,0.4559386973180077,0.342911877394636
857 HK Equity,1.6123481781376519,0.608502024291498,1.3919028340080972,0.6103238866396761,1.2589068825910932,0.291497975708502,1.628744939271255,0.32611336032388666,1.2716599190283402
2883 HK Equity,1.2544286548569203,0.546622542339887,1.245668678216858,1.0266692622153009,0.8392057621179677,1.1948608137044967,1.527739926026864,1.1755888650963597,0.18921549542534552
1898 HK Equity,1.2434594594594595,0.9048648648648648,0.054486486486486484,1.2492972972972973,1.0060540540540541,1.6715675675675676,1.4983783783783784,0.8892972972972973,0.4825945945945946
883 HK Equity,0.5085501858736059,0.6189591078066915,1.2027881040892194,0.9970260223048327,0.8631970260223049,0.9903345724907063,1.4570631970260224,1.5072490706319703,0.8548327137546469
1088 HK Equity,1.6708860759493671,0.8734177215189873,1.8291139240506329,1.5928270042194093,0.9135021097046413,0.3881856540084388,0.4978902953586498,1.021097046413502,0.21308016877637131
1171 HK Equity,1.0131736526946107,1.737125748502994,1.0131736526946107,0.14191616766467066,0.9089820359281438,0.5029940119760479,1.7622754491017965,1.3239520958083832,0.5964071856287425
135 HK Equity,1.0566132264529058,1.3301603206412826,1.1227454909819639,0.9168336673346693,0.5185370741482966,0.49599198396793587,1.375250501002004,1.0641282565130261,1.1197394789579158
3908 HK Equity,1.7897100857492854,1.1190281747652102,1.2862392813393222,0.8838301347488771,1.773172723560637,0.3031849734585545,0.37117190690077584,0.1120865659452838,1.3615761535320539
6881 HK Equity,1.2499263622974963,1.2857142857142858,1.0153166421207658,0.8536082474226804,1.2976435935198822,0.5407952871870397,0.6521354933726068,1.1054491899852725,0.9994108983799705
3968 HK Equity,1.4478811006226149,1.7660172725446877,0.218718618196425,0.22414139385418758,1.5346455111468167,1.3918457521590681,0.27656155854589276,0.7447278569993975,1.3954609359309098
1428 HK Equity,0.1746031746031746,0.3922902494331066,2.147392290249433,0.02947845804988662,1.5442176870748299,0.7210884353741497,1.7210884353741496,2.235827664399093,0.034013605442176874
806 HK Equity,0.4187775330396476,0.6095814977973568,1.4694383259911894,0.4708149779735683,2.2723017621145374,0.25523127753303965,1.4966960352422907,1.605726872246696,0.401431718061674
5 HK Equity,0.5212840195394278,1.9239357990230286,0.01465457083042568,1.5680390788555478,0.5757152826238661,2.039078855547802,0.6301465457083043,1.3126308443824146,0.4145150034891835
2628 HK Equity,1.2801403798513624,1.653592072667217,0.9271263418662262,0.0037159372419488025,1.5978530140379852,0.02972749793559042,1.3303055326176714,0.9624277456647399,1.2151114781172585
3360 HK Equity,0.27264932837953704,0.9799942840811661,0.8539582737925121,1.29637039154044,0.7716490425835953,0.5118605315804515,1.9394112603601028,0.9799942840811661,1.394112603601029
966 HK Equity,1.3527924615031028,1.309354171454838,0.18409561020455067,0.36612273040680304,0.610204550678005,1.1542174212824639,2.002298322224776,1.3879567915421742,0.6329579407032866
2356 HK Equity,0.5896848137535816,1.4716332378223496,0.5449856733524355,1.5524355300859598,0.17020057306590258,1.5060171919770773,0.8063037249283668,1.659025787965616,0.6997134670487106
1140 HK Equity,0.7710323574730354,1.8665639445300461,0.41325115562403697,1.1731895223420648,1.3146379044684129,1.0705701078582435,1.159322033898305,0.2856702619414484,0.9457627118644067
23 HK Equity,0.5029282576866764,0.050512445095168376,0.19546120058565153,1.939238653001464,1.5109809663250366,0.6061493411420205,0.8499267935578331,1.8865300146412884,1.4582723279648608
3328 HK Equity,1.3996729354047424,0.8624693376941946,1.0611610793131643,0.4312346688470973,1.2289452166802943,0.22371218315617333,1.2421913327882257,1.423221586263287,1.1273916598528209
998 HK Equity,0.10259433962264151,0.7464622641509434,0.8030660377358491,0.35023584905660377,1.616745283018868,1.6892688679245282,1.2647405660377358,1.6538915094339623,0.7729952830188679
2328 HK Equity,0.4209714726291442,2.245952197378566,1.2698535080956053,1.3693138010794141,0.18735543562066306,1.323053199691596,0.9529683885890516,0.39321511179645335,0.8373168851195065
1141 HK Equity,2.2435664153886146,1.9745256043670392,0.2900961788406551,0.8001039771250325,0.02573433844554198,1.0293735378216793,0.5661554458019236,1.913698986223031,0.15674551598648298
2318 HK Equity,1.5614849187935034,2.245939675174014,0.15777262180974477,0.19953596287703015,1.802784222737819,1.3410672853828307,1.3109048723897911,0.3109048723897912,0.06960556844547564
279 HK Equity,0.15321756894790603,1.452502553626149,1.3881511746680286,1.4724208375893768,0.7139938712972421,0.9193054136874361,1.0051072522982636,1.0909090909090908,0.8043922369765066
1299 HK Equity,1.1045256885166694,1.1407634079561926,0.6145917216943148,0.6769205991302948,0.7928813013367692,1.4379127073602835,0.7885327750040264,1.38573039136737,1.0581414076340796
6030 HK Equity,1.2995196383159084,0.10426674201751908,1.246114721672789,0.002543091268719977,0.9155128567391919,1.4063294716021475,1.246114721672789,2.146369030799661,0.6332297259112744
3618 HK Equity,0.6966764829617165,1.2986958350862432,0.2461085401766933,0.3975599495161969,1.383887252839714,1.7663020614219604,0.9333193100546908,1.5485906604964241,0.728859907446361
142 HK Equity,0.5234297108673978,2.461615154536391,0.12562313060817548,0.5623130608175474,1.3668993020937188,1.3848454636091725,0.4785643070787637,0.24825523429710866,1.848454636091725
3988 HK Equity,0.7277576274802645,0.4378066993812673,1.6417751226797526,1.0599530616599104,1.1444420738212076,1.34798378493706,0.3494772775762748,1.4420738212075954,0.8487305312566674
1288 HK Equity,0.8683068017366136,0.8748191027496383,1.7149059334298118,1.9732272069464545,0.1389290882778582,0.6555716353111433,0.12590448625180897,1.1917510853835023,1.4565846599131693
508 HK Equity,0.44895186335403725,1.018439440993789,0.12053571428571429,1.5093167701863355,1.6053959627329193,1.6909937888198758,0.8891692546583851,0.9904891304347826,0.7267080745341615
86 HK Equity,1.7128087306145894,1.2785755313038483,0.0,1.3974727168294083,0.7616312464101092,1.125215393452039,1.5973578403216542,0.3273980470993682,0.7995404939689833
6818 HK Equity,0.9112284069097889,0.1964971209213052,1.1509117082533589,0.2807101727447217,1.2999040307101728,2.0686180422264875,1.267514395393474,0.593809980806142,1.2308061420345489
1398 HK Equity,1.2197215025906736,1.4412240932642486,0.5887305699481865,0.13406735751295337,0.7504857512953368,1.3479598445595855,1.2109779792746114,1.0943976683937824,1.2124352331606219
6837 HK Equity,0.7199240185732376,1.0884339383706205,0.6629379485014775,0.8281975517095821,0.9288729421696919,1.7114816378218658,0.5850569860700717,1.2384972562262557,1.2365977205571972
2388 HK Equity,0.8877781969068276,0.15616748396831384,1.4530365899660505,1.3715579026782345,1.3715579026782345,1.1865333836288192,1.5939268200678989,0.32591474915126367,0.6535269709543569
1788 HK Equity,0.2019824200486254,1.646156723396297,1.5922947447166635,1.5148681503646906,1.6747708995698523,0.5335702262951187,0.37703385075743406,1.0839723209276229,0.37535066392369554
1988 HK Equity,0.7623529411764706,1.2802139037433156,1.8462032085561497,1.8115508021390374,1.026096256684492,1.147379679144385,0.5120855614973262,0.5486631016042781,0.06545454545454546
721 HK Equity,1.718975841420607,0.5203386330786702,0.6541399958703283,0.9254594259756349,1.170761924427008,1.8323353293413174,0.27317778236630186,1.7542845343795168,0.15052653314061532
1963 HK Equity,1.2934491978609626,1.0086898395721926,0.8362299465240641,1.3616310160427807,1.6504010695187166,0.8422459893048129,0.5053475935828877,1.1009358288770053,0.40106951871657753
939 HK Equity,1.5287939152480985,0.6829047446577327,1.2174936617167693,1.5630206446939514,1.0121332850416516,1.2794277435711698,0.21350959797174937,0.477544367982615,1.0251720391162622
2611 HK Equity,0.5912007332722273,1.2992667277726857,1.3253895508707607,1.2167736021998168,1.083409715857012,0.653070577451879,1.274518790100825,0.5650779101741522,0.9912923923006416
3329 HK Equity,1.1153395784543325,0.8518735362997658,0.5515222482435597,1.0766978922716628,0.7096018735362998,1.645784543325527,1.480679156908665,1.0117096018735363,0.5567915690866511
6060 HK Equity,1.0209965528047633,2.662488248198057,0.3384518959573801,1.102789094327797,1.1168912566593545,0.6910059542463177,1.294578502036979,0.4794735192729552,0.2933249764963961
2858 HK Equity,1.2929066905347952,1.1015887223092415,0.4269411501454464,0.9465204743790557,0.4269411501454464,0.8196464533452674,1.58290445289774,1.4842246587603491,0.9183262474826583
165 HK Equity,1.6612534309240623,1.0128087831655992,1.9391582799634035,0.603156450137237,0.979871912168344,0.06793229643183897,1.6118481244281793,0.5269899359560841,0.5969807868252516
665 HK Equity,1.1463757916959887,0.08022519352568613,1.6446164672765657,1.2160450387051371,1.3532723434201266,1.3363828289936663,1.2878254750175933,0.7938071780436312,0.1414496833216045
1336 HK Equity,1.0726056842608072,1.7948411750656794,2.0033436828278,0.3869118700740387,1.440171960831144,0.032242655839503226,1.1736326725579174,0.1010269882971101,0.9952233102459995
3958 HK Equity,0.5252848291025385,0.9894063561862882,1.2898261043373975,0.9858085148910654,1.5938436937837297,0.618828702778333,0.6332200679592245,1.0415750549670197,1.3222066759944033
6178 HK Equity,1.3272251308900525,1.9371727748691099,1.8638743455497382,0.6204188481675392,0.18848167539267016,1.3193717277486912,0.20157068062827224,0.6335078534031413,0.9083769633507853
1658 HK Equity,1.4104852203011713,1.9425543781372003,1.839654210819855,0.16815393195761294,0.43920803123257113,0.03262688232013385,1.0817066369213608,1.2950362520914669,0.790574456218628
6099 HK Equity,0.7787343951786483,0.3525613430908308,1.6678863538527766,1.4722341799397332,0.4474817046922083,1.6891950064571675,0.23245802841153682,0.4300473525613431,1.9294016358157555
6066 HK Equity,0.2602303357020338,0.15437392795883362,0.9460916442048517,0.2955158049497672,1.3959813771134526,1.9583435432492036,1.1688311688311688,0.8247978436657682,1.9958343543249204
931 HK Equity,0.920399352401511,0.7212628170534269,1.1535348084187804,1.6732325957906098,0.41770102536427417,0.8839719373988127,1.1001079330814896,0.09956826767404209,2.0302212628170535
11 HK Equity,1.6281407035175879,1.2738693467336684,1.1193467336683418,1.3869346733668342,0.0018844221105527637,0.13944723618090452,1.2474874371859297,0.7537688442211056,1.4491206030150754
2601 HK Equity,0.0996309963099631,1.8495600340618792,1.8853250070962249,0.5926766959977292,1.154697700823162,0.8430315072381493,2.3553789384047685,0.1558330967925064,0.06386602327561737
6886 HK Equity,1.074724081780351,1.1072914781979375,0.6757734756649176,1.1756830106748688,1.5029853446716122,1.328749773837525,0.9916772209155057,0.9477112357517641,0.19540437850551837
1508 HK Equity,1.7201365187713311,1.6164675767918089,1.5569539249146758,0.030716723549488054,0.19005972696245735,0.19005972696245735,1.599189419795222,0.7372013651877133,1.3592150170648465
2799 HK Equity,0.4141656662665066,0.12064825930372149,1.1794717887154862,1.4729891956782712,1.5846338535414166,1.6368547418967587,1.3541416566626652,0.28991596638655465,0.9471788715486195
378 HK Equity,1.5316688085184504,1.3813108132917202,1.5779328070497523,0.2990637047916284,0.8938865430512208,0.5601248393611162,1.634110519552047,0.7600514044428126,0.3618505599412521
388 HK Equity,0.501574993942331,0.2922219529924885,1.6312091107341895,0.8810273806639205,1.5025442209837654,0.9813423794523867,1.7446086745820208,0.18318391083111218,1.2822873758177853
440 HK Equity,0.6246003385367689,1.5047959375587738,1.4421666353206695,0.5010344179048336,1.5792740267067895,0.41132217415836,1.4743276283618583,1.039307880383675,0.42317096106827157
717 HK Equity,1.3270555810748736,0.9901240238860818,0.8743683968764354,0.13849333945796968,0.6717960496095544,0.9095084979329352,0.8557648139641709,1.3683968764354617,1.8644924207625173
1339 HK Equity,1.5182038834951457,0.7900485436893204,0.6608009708737864,0.8337378640776699,0.01820388349514563,1.7712378640776698,0.07463592233009708,1.6656553398058251,1.6674757281553398
1776 HK Equity,2.0067567567567566,0.19510135135135134,0.08361486486486487,0.8234797297297297,0.25844594594594594,1.8876689189189189,1.0185810810810811,1.745777027027027,0.9805743243243243
1359 HK Equity,1.5564066852367688,1.548050139275766,0.27158774373259054,1.6692200557103065,1.548050139275766,0.42618384401114207,0.012534818941504178,1.7193593314763231,0.24860724233983286
1375 HK Equity,2.0630887810448186,0.41621467313731086,0.6114758778190122,2.3174421924065087,1.9757350842135313,0.696260348272909,0.12075363973736797,0.1644304881530117,0.6345989152155296
867 HK Equity,0.31724716743600506,1.3426353336130927,1.3237515736466638,0.0434326479227864,1.4030633655056652,0.23038187159043222,1.3105329416701637,1.703315148971884,1.3256399496433067
2607 HK Equity,1.6744769874476988,1.3405857740585774,0.7380753138075313,0.15313807531380752,2.106276150627615,0.34393305439330546,1.0242677824267783,1.5665271966527197,0.052719665271966525
1666 HK Equity,0.41120289106866287,1.9793495095508518,0.2880743417656169,1.6819824470831182,1.914300464636035,0.13706763035622097,1.1941146102219928,1.305627258647393,0.08828084667010841
1302 HK Equity,1.4138801261829652,0.7154574132492113,1.870031545741325,1.2832807570977918,0.3634069400630915,0.00946372239747634,1.792429022082019,0.5242902208201893,1.0277602523659306
570 HK Equity,0.1125,1.0268617021276596,0.07898936170212766,1.1202127659574468,2.3170212765957445,0.7875,1.0436170212765958,1.4672872340425531,1.0460106382978724
1066 HK Equity,2.2095238095238097,0.6309523809523809,0.05714285714285714,0.5619047619047619,2.0404761904761903,0.5642857142857143,1.5595238095238095,1.0976190476190477,0.2785714285714286
2877 HK Equity,0.7055276381909548,1.1035175879396986,0.7163819095477387,1.2301507537688443,1.4418090452261307,1.705929648241206,1.4363819095477386,0.03798994974874372,0.6223115577889448
3933 HK Equity,2.1384297520661155,0.9576446280991735,0.453254132231405,2.143078512396694,1.1273243801652892,1.2365702479338843,0.1115702479338843,0.5067148760330579,0.32541322314049587
1093 HK Equity,1.785169362221544,1.1754653646628013,1.6643271284711627,0.5053402502288679,0.6591394568202624,0.1455599633811413,1.8400976502898994,0.35428745804089107,0.87061336588343
241 HK Equity,0.19466975666280417,0.6882966396292005,1.4287369640787948,1.727694090382387,0.14600231749710313,1.3748551564310545,1.6772885283893395,0.9750869061413673,0.787369640787949
950 HK Equity,1.4801692226335272,0.6583818085668959,0.7392913802221047,1.0534108937070332,0.49814912744579587,1.028027498677948,1.2850343733474352,0.8947646747752512,1.3627710206240085
1099 HK Equity,1.015796178343949,0.9814012738853504,2.208152866242038,0.9401273885350319,1.235923566878981,0.1421656050955414,1.0868789808917196,1.0662420382165605,0.32331210191082804
874 HK Equity,1.4500517063081695,1.6790072388831438,1.2788004136504654,1.5747673216132367,0.37786970010341264,0.8432264736297829,0.8339193381592555,0.18614270941054809,0.7762150982419855
2196 HK Equity,0.40109460516028145,1.0203283815480844,0.5084050039093041,0.9253322908522283,1.3492963252541048,1.0871774824081313,1.3440187646598905,1.4829945269741986,0.8813526192337764
853 HK Equity,1.4523036988968203,1.2478909798831928,0.25502920181700195,1.590525632706035,0.8974691758598313,0.6171317326411421,0.32316677482154443,0.9441920830629461,1.672290720311486
460 HK Equity,0.6715025906735751,1.6377202072538861,1.4493264248704663,1.1396891191709844,0.6733678756476684,0.40103626943005183,1.6862176165803109,1.2963730569948186,0.04476683937823834
1177 HK Equity,0.5372471632955106,1.3482979773063641,1.407498766650222,1.0907745436605822,1.021213616181549,0.9324124321657622,0.6556487419832264,0.9975333004440059,1.0093734583127776
2005 HK Equity,0.5091368584758943,1.7006220839813375,1.5484059097978227,1.0427682737169517,0.7470839813374806,0.8818040435458787,1.3664463452566096,0.048989113530326596,1.1547433903576982
2269 HK Equity,0.4115853658536585,0.32293621013133206,1.6400093808630394,1.9165103189493433,1.2326454033771106,1.4036116322701688,0.5340056285178236,0.11397748592870544,1.424718574108818
775 HK Equity,0.08764044943820225,1.847191011235955,1.0617977528089888,1.658426966292135,0.010112359550561797,0.7314606741573034,0.6337078651685393,0.11797752808988764,2.851685393258427
3320 HK Equity,0.9996102883865939,0.95576773187841,1.5625487139516758,0.8593141075604053,0.23148869836321123,0.5085736554949337,1.2714341387373345,1.176734216679657,1.4345284489477785
512 HK Equity,1.2060370455065172,1.0125771781385777,0.19551795106334324,0.8355819803338669,0.2510862108392408,1.9016693345529385,0.6133089412302767,2.03338669105877,0.9508346672764693
1530 HK Equity,0.7737556561085973,1.5048480930833872,0.1493212669683258,1.2934712346477053,0.35488041370394313,1.6735617323852618,1.5979314802844216,0.34324499030381384,1.3089851325145443
2666 HK Equity,0.827175572519084,0.8656488549618321,0.12091603053435114,2.5941984732824426,1.1706870229007633,0.5441221374045802,1.0937404580152672,0.5688549618320611,1.2146564885496183
1548 HK Equity,1.8162863886703384,2.3792289535798585,0.3044846577498033,0.04956726986624705,0.7895357985837923,0.4213217938630999,2.517309205350118,0.5169158143194336,0.2053501180173092
1345 HK Equity,0.8421824581988853,0.43561161630976825,0.25608682898210616,1.2619536520973893,2.204458785567615,2.2466999119976534,0.09240246406570841,0.35640950425344675,1.3041947785274275
1515 HK Equity,1.1281809613572102,0.11875589066918002,1.3211592836946278,0.7549481621112158,1.3762959472196041,0.4580584354382658,1.2639019792648445,1.159990574929312,1.41870876531574
1681 HK Equity,2.2157419354838708,0.06270967741935483,0.5574193548387096,0.3390967741935484,1.1682580645161291,2.032258064516129,2.1553548387096773,0.1927741935483871,0.27638709677419354
1513 HK Equity,2.1593574706782253,0.1858745537990821,0.7893931667516573,0.11473737888832228,1.5007649158592555,2.1226415094339623,0.35339112697603264,1.622386537480877,0.1514533401325854
2186 HK Equity,0.7603613177470776,1.02577045696068,1.7143995749202976,1.5637619553666313,1.8076514346439958,0.014346439957492029,0.6981934112646121,1.3198724760892668,0.09564293304994687
1829 HK Equity,0.27621483375959077,3.0153452685421995,1.2232371209353305,1.2922908293752284,0.5228352210449397,0.27292656192911946,0.999634636463281,1.381074168797954,0.016441359152356595
1186 HK Equity,2.0401468788249693,0.17845777233782129,1.4100367197062424,1.5862913096695226,0.23133414932680538,1.82203182374541,0.7380660954712362,0.09253365973072215,0.9011015911872705
368 HK Equity,1.0440340909090908,0.4815340909090909,1.1697443181818181,2.007102272727273,0.26207386363636365,0.6967329545454546,1.0738636363636365,0.2727272727272727,1.9921875
2208 HK Equity,1.6628721541155866,1.2353327495621715,0.9161558669001751,0.8609894921190894,0.8294658493870403,1.6017950963222416,0.24430823117338005,0.9614711033274956,0.6876094570928196
3339 HK Equity,0.3752635277582572,1.376669009135629,2.000702740688686,1.157413914265636,0.3626141953619115,1.248067463106114,1.2101194659170766,0.26985242445537594,0.9992972593113141
152 HK Equity,0.6619385342789598,0.9550827423167849,2.186761229314421,0.09692671394799054,1.2907801418439717,0.43498817966903075,2.193853427895981,0.2553191489361702,0.9243498817966903
729 HK Equity,0.9453109575518263,0.5615004935834156,1.07680157946693,1.4090819348469892,0.007107601184600198,1.1034550839091806,1.7484698914116485,0.8973346495557749,1.2509378084896348
1308 HK Equity,1.0235294117647058,1.8376470588235294,0.9976470588235294,1.291764705882353,0.18823529411764706,0.01647058823529412,1.8376470588235294,0.03058823529411765,1.776470588235294
687 HK Equity,1.3176588294147074,1.3611805902951475,0.8599299649824912,1.3941970985492746,0.8299149574787393,0.8074037018509255,1.4182091045522762,0.7323661830915458,0.27913956978489246
1052 HK Equity,1.8062094155844155,0.2593344155844156,1.7368100649350648,0.21550324675324675,1.5925324675324675,0.08948863636363637,1.3313717532467533,1.78612012987013,0.18262987012987014
1800 HK Equity,0.6294212218649518,0.804863344051447,0.07234726688102894,1.255225080385852,1.7019694533762058,0.49015273311897106,1.2244774919614148,1.3908762057877813,1.4306672025723473
1882 HK Equity,2.0362652232746954,0.7380243572395129,1.468741542625169,0.33856562922868744,0.6186738836265223,0.5772665764546685,1.0790257104194858,1.4297699594046007,0.7136671177266577
2880 HK Equity,0.3097954366640441,0.29563335955940206,1.7047600314712825,1.3843430369787568,1.3046813532651456,0.3664437450826121,0.17348544453186468,1.701219512195122,1.7596380802517702
737 HK Equity,0.26824075866073155,1.5362879814205535,0.8918134313915231,0.7890458680085156,1.5519643893942325,0.8534933230114187,0.1271530868976195,1.3499129088445907,1.632088252370815
659 HK Equity,1.865764546684709,1.8925575101488499,1.0108254397834913,0.13152909336941812,0.9962110960757781,0.09986468200270636,0.7404600811907984,1.2276048714479026,1.0351826792963463
670 HK Equity,2.2915862068965516,1.1222068965517242,0.06206896551724138,0.06455172413793103,2.2866206896551726,0.41213793103448276,1.7056551724137932,0.1986206896551724,0.856551724137931
2343 HK Equity,1.809065934065934,1.5,0.4059065934065934,0.44711538461538464,0.3131868131868132,0.016483516483516484,1.8667582417582418,0.9436813186813187,1.6978021978021978
598 HK Equity,0.1335235378031384,0.09757489300998573,2.033666191155492,0.9192582025677604,0.675320970042796,0.5417974322396576,2.0439372325249643,0.7138373751783167,1.8410841654778887
1138 HK Equity,1.388901171788636,0.9193013486623922,0.5014370992703957,1.122263984081362,0.4218439089100155,0.9491487950475348,0.9849657307097059,1.5600265310634536,1.1521114304665045
1618 HK Equity,1.6927152317880794,0.6834437086092715,1.3509933774834437,1.7364238410596027,1.6152317880794702,0.22847682119205298,0.38145695364238413,0.6655629139072847,0.6456953642384106
1205 HK Equity,1.4041297935103245,0.7345132743362832,0.12094395280235988,2.2330383480825957,0.8200589970501475,0.8643067846607669,1.5044247787610618,0.5988200589970502,0.7197640117994101
66 HK Equity,1.0361048070971735,0.43078192696513307,1.715700433257685,0.9748297916236848,1.1308025582834744,1.3796162574788529,1.0806684547142562,0.050134103569218075,1.201361667010522
1055 HK Equity,0.4968913205670231,1.777169858244218,0.586421288236757,1.8017905993533947,0.18129818453121113,0.3715493658293957,0.44093509077343945,1.5913951753295201,1.7525491171350411
316 HK Equity,0.43949794077270055,1.0307903510492253,0.9054716611100215,1.1296332614238085,1.5779564620513826,0.2153363404589135,0.7395567758383997,1.4261619925475584,1.5355952147479899
317 HK Equity,0.08530805687203792,0.8065489013356312,1.039207238259371,1.7798362774666092,0.3102111158983197,1.7177940542869452,1.533606204222318,0.09306333476949591,1.6344248168892719
363 HK Equity,2.0256111757857975,1.2293364377182772,2.168800931315483,0.3981373690337602,0.4086146682188591,1.260768335273574,0.42258440046565776,0.8207217694994179,0.26542491268917345
144 HK Equity,0.31777856635911994,0.8702980837473385,1.419623846699787,0.5477288857345636,1.531405251951739,0.36089425124201563,0.96291696238467,1.4292051100070973,1.5601490418736692
1196 HK Equity,1.438251086678599,0.25543339299411916,0.09434927128611609,0.18409613909486064,0.5384812068524674,2.0227563283047814,0.9826131424188187,1.590130401431859,1.893889030938379
3898 HK Equity,0.9833194328607172,0.15462885738115095,1.325604670558799,1.1619683069224354,1.4652210175145954,1.3180984153461217,1.1514595496246873,0.08857381150959133,1.3511259382819016
3899 HK Equity,1.653896103896104,0.05844155844155844,1.2798701298701298,1.4084415584415584,0.8045454545454546,0.8688311688311688,0.7733766233766234,1.7707792207792208,0.38181818181818183
1766 HK Equity,0.4032943676939426,1.0887353878852284,1.4649309245483528,1.5621679064824654,0.6647183846971307,1.1253985122210415,0.29011689691817216,1.5207226354941552,0.8799149840595112
3382 HK Equity,1.016545334215751,1.0979483785572468,0.9947054930509597,0.8577101257445401,1.1376571806750497,1.600264725347452,1.655857048312376,0.14295168762409,0.49636002647253474
439 HK Equity,0.9166920036485254,0.9823654606263302,1.4694435998783826,0.3338400729705078,0.05199148677409547,1.2724232289449682,1.9045302523563392,1.625418060200669,0.4432958346001824
293 HK Equity,1.1928082191780822,1.3022260273972603,1.457876712328767,0.3035958904109589,1.354623287671233,1.0633561643835616,0.5101027397260274,0.5470890410958904,1.2683219178082192
656 HK Equity,1.1451503886448124,0.9656978709023318,1.3976005407232173,0.7664751605272051,0.6584994930719837,1.288104089219331,0.28590740114903684,1.3337276106792835,1.1588374450827983
658 HK Equity,0.23035833518807033,0.7852214555975963,1.6205208101491209,0.7391497885599821,0.8513242822167817,1.7547295793456488,1.486312040952593,0.765190296016025,0.7671934119741821
753 HK Equity,0.9728980597474592,0.3603326147212812,0.8398521712349861,0.019402525408068985,1.0033877425315676,2.5528179858330766,0.24391746227286726,1.5466584539574992,1.4607329842931938
179 HK Equity,1.427369716864998,0.062782109150595,1.3627410750923266,0.7700041034058268,1.056216659827657,1.5547804677882642,0.7552318424292163,0.4173163725892491,1.5935576528518671
631 HK Equity,0.18785875804487737,1.4746912506522873,0.4007653504957384,0.5369629500782744,1.3447556096712472,1.4637328230996696,1.5357453470168725,1.4026787267350844,0.6528091842059489
390 HK Equity,1.3493071593533488,0.5871824480369515,1.6818706697459584,1.163972286374134,0.7621247113163973,1.0652424942263279,0.2338337182448037,1.321593533487298,0.8348729792147807
576 HK Equity,1.6665168539325843,1.152808988764045,1.8586516853932584,0.38224719101123594,0.5501123595505618,1.3267415730337078,0.21640449438202247,0.5379775280898876,1.3085393258426967
2866 HK Equity,0.7923312883435583,1.2202453987730062,0.23466257668711657,1.049079754601227,0.7260736196319019,0.47484662576687114,2.1312883435582823,1.3085889570552147,1.062883435582822
2128 HK Equity,0.3230500582072177,0.3073341094295693,1.6850989522700814,0.6635622817229336,0.869615832363213,1.5,0.3440046565774156,1.6431897555296857,1.6641443538998837
1919 HK Equity,1.4170820117806977,1.202990484821024,0.1202990484821024,1.9614861803352968,1.2091073855913004,0.47711826008155866,0.08767557770729498,1.8004077933846852,0.7238332578160399
1164 HK Equity,0.9024042742653606,0.4984861976847729,1.5948352626892253,0.34300979519145147,1.5387355298308103,1.12520035618878,0.9873552983081033,1.1748886910062333,0.8350845948352627
694 HK Equity,0.24070089148478327,1.5216723024900092,0.1992007377805103,1.9532739010144482,1.0845373501383337,1.126037503842607,0.42883492161082076,2.371042114970796,0.07470027666769136
2338 HK Equity,2.1065502183406113,0.08384279475982533,1.679475982532751,0.2646288209606987,1.2366812227074235,1.3231441048034935,0.8672489082969432,0.3222707423580786,1.1161572052401747
1315 HK Equity,0.3947551636110466,0.9649570666047806,1.6667440241355302,0.9649570666047806,1.2594569505685773,1.4808540264562544,0.3905778602924112,0.11069853794383848,1.7669993037827803
1157 HK Equity,1.2277580071174377,1.0391459074733096,0.9768683274021353,1.3629893238434163,1.1370106761565837,1.206405693950178,0.3505338078291815,0.4306049822064057,1.2686832740213523
3808 HK Equity,1.8587875939849625,0.3890977443609023,1.1376879699248121,0.8035714285714286,1.4020206766917294,0.993890977443609,0.47156954887218044,1.5796522556390977,0.36372180451127817
257 HK Equity,0.2850266024828984,0.5905751203445655,1.6941981251583482,0.718267038256904,1.1674689637699518,0.40359766911578415,1.110463643273372,2.13199898657208,0.8984038510260958
1199 HK Equity,0.5866851595006934,1.7511392906677234,1.0877749157915593,0.25500297206261147,1.0235783633841886,1.469387755102041,1.4604715672676838,0.16940756885278382,1.1965524073707152
2357 HK Equity,1.1110524927459773,1.2748615141123714,1.2653653389606965,0.6742284357689264,0.24452651015563176,0.7193352677393827,2.1769981535214984,0.6766024795568452,0.8570298074386705
548 HK Equity,1.4637718396711203,1.5470195272353546,0.04162384378211716,0.2173689619732785,0.6359198355601233,2.275436793422405,1.1423432682425487,0.9411613566289825,0.7353545734840699
2588 HK Equity,0.6713420465412815,0.2496015301243226,2.318138348740835,0.9897991711826586,1.8963978323238764,0.4705132291998725,1.0959515460631177,0.011475932419509085,1.2967803634045265
525 HK Equity,1.5168356263577119,1.5624547429398987,0.8406951484431572,0.4529326574945692,0.7136133236784938,1.0003620564808111,0.498551774076756,0.8178855901520637,1.5966690803765387
2869 HK Equity,1.4778704297626684,1.4624759461193073,1.0468248877485569,1.3027581783194355,0.3867864015394484,0.16164207825529187,1.8896728672225787,1.052597819114817,0.2193713919178961
517 HK Equity,1.4513941220798794,0.08590806330067823,1.035418236623964,0.1650339110776187,2.179351921627732,1.1507159005275056,2.199698568198945,0.7324792765636775,0.0
242 HK Equity,1.5209769548946228,1.3827063226314753,0.7870789836517629,0.04609021075438251,0.015954303722670867,1.012211936182785,1.728382903289344,0.8562142997833366,1.6503840850896199
182 HK Equity,0.5667022411953042,1.8009605122732124,1.39034151547492,1.0445570971184632,0.3097652081109925,0.9124866595517609,1.0613660618996799,1.0253468516542157,0.8884738527214514
2386 HK Equity,1.0827389443651927,1.1768901569186876,0.9372325249643366,0.5135520684736091,1.2767475035663338,0.7532097004279601,0.5320970042796006,1.36376604850214,1.36376604850214
177 HK Equity,0.4465375431148846,0.17192889360573096,0.5372777925179093,0.5874237198195807,2.196869196073229,2.060758821968692,0.1981958079066065,0.5348898912178297,2.266118333775537
267 HK Equity,0.8402050843836787,0.38645588549455245,1.9072847682119205,0.3999145481734672,0.8594317453535569,0.8248237556077761,1.2785729544969024,1.3054902798547319,1.1978209784234137
2727 HK Equity,0.10367372353673723,0.8153798256537983,0.18493150684931506,1.5326899128268991,0.5379825653798257,2.4825653798256537,1.5495018679950188,0.2129514321295143,1.580323785803238
3311 HK Equity,1.1523642732049038,1.3152364273204904,0.8598949211908932,0.8896672504378283,1.4605954465849387,0.2381786339754816,0.9299474605954466,1.0928196147110332,1.0612959719789843
2039 HK Equity,0.9672897196261683,0.12850467289719625,1.9462616822429906,0.38317757009345793,1.5257009345794392,1.7476635514018692,0.5257009345794392,1.3925233644859814,0.38317757009345793
699 HK Equity,0.7846811977999593,0.9130169077205134,0.623344876756977,1.2338561825218985,1.6023630067223467,0.634345080464453,1.0743532287634956,0.7608474231004277,1.3731920961499287
1 HK Equity,1.8127058823529412,0.5145882352941177,0.9868235294117647,0.41505882352941176,1.444235294117647,0.3472941176470588,1.0207058823529411,2.0414117647058823,0.4171764705882353
636 HK Equity,1.2761676646706588,0.012934131736526947,1.888383233532934,0.4052694610778443,1.9034730538922155,0.487185628742515,0.829940119760479,0.7803592814371257,1.4162874251497006
586 HK Equity,1.265571264807031,0.6620175773786778,0.1753916698509744,0.7651891478792511,1.1125334352311806,0.8030187237294613,1.5406954528085595,1.657623232709209,1.0179594956056552
1848 HK Equity,1.2127949183303086,0.6370235934664247,1.0276769509981851,0.6601633393829401,1.2686025408348458,0.8901996370235935,1.1215970961887478,1.0712341197822142,1.1107078039927405
3969 HK Equity,1.5329842931937172,1.4371727748691099,0.13507853403141362,0.6628272251308901,1.3193717277486912,1.212565445026178,1.2235602094240838,0.9361256544502617,0.5403141361256545
777 HK Equity,1.2675072744907856,1.7423860329776915,0.2880698351115422,1.4106692531522793,1.4700290979631425,0.8223084384093113,1.546847720659554,0.17458777885548013,0.2775945683802134
582 HK Equity,0.9749298409728718,1.180355472404116,1.6467726847521047,1.4413470533208605,1.594574368568756,0.2256314312441534,0.22226379794200188,1.1837231057062676,0.5304022450888681
1089 HK Equity,0.35052002655454745,1.2746182783801725,0.9898207568046028,1.6271298959946892,0.041823412259349414,0.7747289223279487,0.6930736888692188,1.82828059305156,1.420004425757911
763 HK Equity,1.0202108963093146,0.7275922671353251,1.5121265377855888,1.5311072056239017,1.262214411247803,0.982249560632689,0.6817223198594025,0.5488576449912127,0.7339191564147628
3888 HK Equity,0.32184154175588864,1.0137044967880087,1.5109207708779444,1.5571734475374732,1.0021413276231264,1.8809421841541756,1.1620985010706637,0.057815845824411134,0.49336188436830836
1888 HK Equity,0.26418471451584036,0.9069267943440129,1.5625559334168606,0.7844997315195991,0.75550384821908,0.38661177734025415,1.4691247538929657,1.490066225165563,1.3805262215858243
2382 HK Equity,0.5226032735775527,1.4766173031956353,1.1434138737334372,0.6541309431021044,1.5783320342946219,1.5853468433359315,0.6593920498830865,0.3174201091192518,1.0627435697583787
885 HK Equity,0.0,2.2178812922614575,2.179564237415477,0.7460555972952667,0.2727272727272727,0.48459804658151767,0.39669421487603307,1.4740796393688955,1.2283996994740796
2018 HK Equity,1.527820710973725,1.5463678516228747,0.4474497681607419,2.1027820710973724,0.31298299845440497,0.6329211746522411,1.0409582689335395,0.7442040185471407,0.6445131375579598
992 HK Equity,0.02557272242940863,1.3074054342035162,0.36281299946723494,0.9381992541289291,1.500799147575919,1.2386787426744805,1.5727224294086308,1.2946190729888118,0.7591901971230687
303 HK Equity,0.5385144429160935,0.17537826685006877,1.1740027510316369,0.36519944979367264,1.7455295735900962,1.2936726272352133,1.904401650618982,1.4607977991746905,0.3425034387895461
968 HK Equity,0.7484336434402886,0.9910765141446743,0.898803873172584,1.045756597683691,1.6865388266565406,0.02563128915891399,1.3875071198025442,1.2559331687867856,0.9603189671539776
3800 HK Equity,0.39050669772859636,0.7469423412929528,1.9105998835177636,0.9330227140361095,0.16249271986022132,0.8937099592312172,0.8177052999417589,0.9959231217239372,2.149097262667443
1282 HK Equity,0.8022284122562674,0.7746518105849582,0.152924791086351,0.5991643454038997,2.211142061281337,0.1554317548746518,0.8298050139275766,1.1331476323119778,2.3415041782729804
3336 HK Equity,1.5723793677204658,0.6888519134775375,0.5952579034941764,0.913477537437604,1.665973377703827,0.36501663893510816,0.24147254575707155,1.6098169717138102,1.3477537437603992
327 HK Equity,0.045018007202881155,1.0066026410564226,1.3703481392557022,0.3043217286914766,1.375750300120048,1.6800720288115245,0.5546218487394958,1.1020408163265305,1.5612244897959184
700 HK Equity,1.3294584632832436,1.4085625177204424,0.7808335696058973,0.7731783385313298,0.505245250921463,0.6787638219449957,0.9926282960022682,2.1026368018145734,0.4286929401757868
698 HK Equity,1.4203636363636363,1.1236363636363635,1.5032727272727273,0.384,2.018181818181818,0.7658181818181818,0.14836363636363636,0.9796363636363636,0.6567272727272727
522 HK Equity,1.4191810344827587,1.3755387931034482,1.1880387931034482,0.9552801724137931,1.105603448275862,0.13092672413793102,1.1734913793103448,0.39439655172413796,1.2575431034482758
818 HK Equity,1.1045016077170418,1.5434083601286173,1.9533762057877813,0.07958199356913183,1.6832797427652733,0.20980707395498394,1.029742765273312,0.9911575562700965,0.40514469453376206
2038 HK Equity,0.5344479677140386,1.7123090227731335,1.2038051311617182,0.6667627558374172,0.8613433266070913,0.609685788411646,0.43586047852407034,0.7653502450273855,2.2104352839434998
2342 HK Equity,1.784183454779254,0.5111444492070296,1.0242177453921988,1.5276468066866695,0.08679811401628804,1.182383197599657,0.1793827689669953,1.3154736390912987,1.3887698242606086
354 HK Equity,0.9783241669362666,0.6376577159495309,2.0323519896473634,0.5357489485603365,0.2591394370753801,2.4370753801358784,1.6713037851827888,0.19799417664186347,0.25040439987059204
981 HK Equity,1.6109693877551021,1.3737244897959184,0.5089285714285714,0.3424744897959184,0.5471938775510204,1.3488520408163265,0.7614795918367347,1.4827806122448979,1.0235969387755102
696 HK Equity,1.000947867298578,1.1033175355450238,1.228436018957346,1.2725118483412323,0.6184834123222749,1.1687203791469194,1.2156398104265402,0.9014218009478673,0.490521327014218
268 HK Equity,0.639297579496915,1.231608922638823,0.47698149027052683,0.8998576174655909,0.6364499288087327,1.2615092548647366,1.3070716658756525,1.2159468438538206,1.3312766967252017
732 HK Equity,1.019736842105263,1.1529605263157894,1.1611842105263157,0.5493421052631579,1.1776315789473684,1.019736842105263,0.3930921052631579,1.5921052631578947,0.9342105263157895
2280 HK Equity,1.2749187432286024,1.8989707475622968,1.3041711809317442,0.5241061755146262,0.419284940411701,0.606988082340195,0.19989165763813652,0.6776814734561214,2.0939869989165762
861 HK Equity,1.0035158211953792,1.2272727272727273,0.5107985936715218,0.7277749874434958,0.8905072827724761,0.6780512305374183,1.6160220994475138,0.09266700150678052,2.253390256152687
6088 HK Equity,2.2585252113086565,2.507723695715535,1.4112503643252696,0.013115709705625183,0.288545613523754,0.30166132322937916,0.6872631885747595,0.4039638589332556,1.1279510346837656
1357 HK Equity,1.1610787172011663,2.127551020408163,1.8520408163265305,0.09183673469387756,0.5313411078717201,1.338192419825073,1.3994169096209912,0.21865889212827988,0.27988338192419826
148 HK Equity,1.0581104483355783,0.03290359822974793,1.193188377910333,0.7013661727919954,1.7231094862420628,1.0442563017125264,1.1845295362709256,0.8502982489898018,1.212237829517029
3396 HK Equity,1.0705903271692745,0.27364864864864863,1.547475106685633,0.3136557610241821,1.0497866287339972,1.0321834992887624,1.42425320056899,1.2450213371266003,1.0433854907539117
799 HK Equity,0.13738844527947394,0.5833724753405355,1.0864255519023016,2.0946453734147488,0.08243306716768437,2.0143259746359794,0.5854861437294504,0.5749178017848755,1.8410051667449507
3393 HK Equity,1.729026845637584,1.5729865771812082,0.08808724832214765,1.6308724832214765,1.9026845637583893,0.5184563758389261,0.43791946308724833,0.025167785234899327,1.0947986577181208
1347 HK Equity,1.5193988116043342,1.1953862285914016,1.3102062216008388,0.8949667948269836,1.417161831527438,0.08650821391121985,1.5146801817546311,0.4199580566235582,0.6417336595595945
6869 HK Equity,0.5488958990536278,1.0804416403785488,0.34858044164037855,1.0646687697160884,1.3801261829652998,1.2854889589905363,1.1025236593059937,1.1577287066246056,1.0315457413249212
285 HK Equity,0.3512714370195151,1.327912477823773,0.43376700177409816,1.258722649319929,0.9553518628030752,0.8701951507983442,1.2054997043169722,0.42844470727380246,2.1688350088704906
1980 HK Equity,1.4164493955913724,0.8042190092438967,1.2927233941692344,2.101208817255274,1.1114008058781701,0.6292960417160465,0.7487556292960417,0.5994311448210476,0.29651576202891683
1313 HK Equity,1.3538377789874796,1.1921611322808927,1.3456722917800763,0.48829613500272184,1.2329885683179096,0.9814915623298857,0.3788786064235166,0.6418072945019053,1.3848666303756123
2099 HK Equity,1.120136518771331,1.4948805460750854,0.3440273037542662,0.5590443686006826,0.5856655290102389,1.1672354948805461,1.2245733788395905,0.9112627986348123,1.593174061433447
976 HK Equity,0.7076001497566454,1.5381879445900413,1.1928116810183451,0.7901535005615874,0.7177087233245976,0.22575814301759642,1.4219393485585923,1.6224260576563085,0.7834144515162861
906 HK Equity,1.2495076801890508,0.5813312327688066,0.2392674281213076,0.8188263095706971,1.4107916502560063,0.2977550216620717,1.2991335171327294,1.5082709728239465,1.595116187475384
1378 HK Equity,0.5054470323065364,1.45717505634861,1.1106311044327573,1.266153268219384,0.44120961682945153,0.8418482344102178,1.3929376408715253,1.6093163035311795,0.37528174305033807
546 HK Equity,0.2550091074681239,0.7395264116575592,1.3205828779599271,1.3825136612021858,1.1876138433515482,1.639344262295082,0.8506375227686703,0.16939890710382513,1.4553734061930783
2009 HK Equity,0.2235911936982428,0.5998788123611392,1.7760048475055545,0.6144213290244395,0.07271258331650171,0.8543728539688952,1.7687335891739042,1.3142799434457686,1.7760048475055545
581 HK Equity,0.6013126893301919,0.6361494446314372,1.3662066644227533,0.8739481656008078,0.507404914170313,1.3752945136317738,1.3313699091215079,1.1768764725681589,1.1314372265230561
297 HK Equity,0.7364060072501295,0.8638011393060591,1.264629725530813,0.9616778871051269,0.9911962713619886,0.8125323666494044,0.9570170895908856,1.196271361988607,1.216468151216986
1333 HK Equity,0.8849449204406364,1.000611995104039,1.810281517747858,0.6499388004895961,1.52937576499388,0.5526315789473685,1.0134638922888617,1.5312117503059977,0.027539779681762546
2899 HK Equity,1.0279388508170797,0.3447548761201898,1.3078545071164998,1.02161307327359,1.1908276225619399,1.5466526093832367,1.401159725882973,1.084870848708487,0.07432788613600422
338 HK Equity,0.9064748201438849,0.9050971988366754,0.8844328792285321,1.231593448645339,0.7508036124292056,0.43395071177100875,1.2095515077299863,1.3431807745293127,1.3349150466860553
358 HK Equity,2.1350025813113063,1.735415591120289,1.3497676819824471,0.06504904491481672,0.83866804336603,0.1997934950955085,0.5064532782653588,2.060660815694373,0.10918946824987094
347 HK Equity,0.03910724866679834,1.0932253604582263,0.6310487853051551,1.4096385542168675,1.4131937586411218,0.5777207189413391,0.8265850286391467,1.6922773059450917,1.3172032391862531
2314 HK Equity,0.3467680608365019,1.5171102661596958,0.5771863117870722,1.2958174904942965,2.03041825095057,0.8326996197718631,0.8600760456273764,0.0661596958174905,1.4737642585551332
914 HK Equity,0.5713692946058091,1.6954356846473029,1.333195020746888,1.4358921161825726,0.12510373443983402,1.7066390041493775,0.46680497925311204,0.14190871369294605,1.5236514522821576
639 HK Equity,1.8716195212931301,1.3120920111905503,0.6322660864159154,0.42524090767796086,0.3441094187130867,2.512278520360584,0.0,1.6506061548026112,0.25178737954616104
2689 HK Equity,1.5213270142180095,1.5071090047393365,1.15521327014218,1.3667061611374407,0.11374407582938388,1.759478672985782,0.22393364928909953,0.44786729857819907,0.9046208530805687
468 HK Equity,1.5302544769085769,1.657492931196984,0.3952874646559849,0.31555136663524974,1.657492931196984,0.1000942507068803,1.2689915174363808,1.6863336475023563,0.3885014137606032
3993 HK Equity,0.7083567021873247,1.2736960179472798,1.2989343802579922,0.7655636567582725,1.5361749859786875,0.41390914189568145,1.1862030286034773,0.9641054402692092,0.8530566461020751
189 HK Equity,2.474862047823421,0.2041692213366033,0.40006131207847945,0.17106069895769466,1.7106069895769467,2.4886572654813,0.9629061925199264,0.2869405272838749,0.30073574494175354
2233 HK Equity,1.8929889298892988,2.7099630996309965,0.7140221402214022,0.6044280442804428,0.11291512915129151,0.18929889298892988,0.4151291512915129,2.30479704797048,0.056457564575645755
3983 HK Equity,1.1611560693641618,0.5889017341040462,1.300578034682081,0.7449710982658959,0.934335260115607,0.561849710982659,1.983121387283237,0.2538728323699422,1.47121387283237
3323 HK Equity,1.6690970274817722,1.300616937745373,1.2181716208637128,1.2181716208637128,0.3213684800897364,0.585530005608525,0.7739764441951766,0.8379136287156478,1.0751542344363432
1818 HK Equity,1.0076536190684453,1.0666958233107369,1.0588235294117647,1.2792477585829871,0.9112180188060355,1.792914935490925,0.16138202492893067,0.3070194620599169,1.4150448283402581
1208 HK Equity,0.31728045325779036,0.11331444759206799,0.6968838526912181,1.8781869688385269,0.39660056657223797,1.311614730878187,0.7195467422096318,2.331444759206799,1.2351274787535411
336 HK Equity,1.101541251133273,0.1028105167724388,0.5156844968268359,1.5258386219401632,0.4226654578422484,1.1782411604714416,1.2598368087035359,1.3316409791477788,1.5617407071622846
323 HK Equity,1.397784280936455,0.7506270903010034,1.405309364548495,1.1757943143812708,0.5662625418060201,1.5520484949832776,0.9951923076923077,0.5907190635451505,0.5662625418060201
1250 HK Equity,0.6776470588235294,1.9270588235294117,0.607764705882353,1.507764705882353,0.2011764705882353,1.0228235294117647,1.088470588235294,1.696235294117647,0.27105882352941174
2600 HK Equity,1.5664697193500738,1.2252584933530282,1.7703101920236337,0.39217134416543575,0.9793205317577548,0.5361890694239291,0.3810930576070901,0.43870014771048743,1.7104874446085672
1636 HK Equity,0.5788482238966631,1.7147470398277718,0.40204520990312165,1.6735737351991389,0.12594187298170076,1.4483315392895586,0.540096878363832,0.6611948331539289,1.8552206673842842
19 HK Equity,0.9189520078354554,1.0115083251714005,0.6655239960822723,0.49363369245837413,0.05950048971596474,1.8753672869735554,1.439030362389814,1.1415279138099903,1.3949559255631734
3900 HK Equity,1.085972850678733,1.1436651583710407,1.1402714932126696,0.47171945701357465,0.6702488687782805,1.535633484162896,1.2895927601809956,1.5559954751131222,0.10690045248868778
1238 HK Equity,1.6524514811031665,0.7538304392236976,0.1470888661899898,0.5699693564862104,0.7285495403472931,1.8730847803881512,1.2548518896833503,0.5492849846782432,1.4708886618998978
1638 HK Equity,1.3671464860287892,1.4159187129551227,1.3442845046570704,1.4799322607959355,0.1859441151566469,0.6111769686706181,0.17832345469940727,1.0287891617273497,1.3884843353090601
14 HK Equity,1.1490628445424476,0.6489525909592062,1.901212789415656,1.3673649393605292,1.6710033076074973,1.303858875413451,0.5616317530319735,0.23616317530319736,0.1607497243660419
480 HK Equity,1.1086065573770492,1.3237704918032787,1.3872950819672132,1.1372950819672132,0.2028688524590164,0.4323770491803279,0.5532786885245902,0.8401639344262295,2.014344262295082
1918 HK Equity,1.6665719965918773,1.088895200227208,0.17381425731326328,0.7719397898324339,1.0761147401306448,0.7898324339676228,2.5151945470036923,0.04345356432831582,0.8741834706049417
1777 HK Equity,1.0684704583103257,2.184152401987852,0.8274434014356709,0.20623964660408614,2.338210933186085,0.31557150745444507,0.7876863611264495,0.027332965212589728,1.2448923246824959
173 HK Equity,1.4765994741454864,1.3440841367221736,1.5223488168273445,0.10727432077125329,0.5489921121822963,0.033128834355828224,1.5207712532865907,1.3898334794040315,1.0569675723049956
978 HK Equity,1.051094890510949,1.4329379562043796,0.36336678832116787,1.0716240875912408,1.1681113138686132,0.5994525547445255,1.1414233576642336,1.07367700729927,1.0983120437956204
535 HK Equity,0.914262494920764,0.6692401462819992,0.8356359203575782,1.7188134904510362,0.8338073953677367,0.78992279561154,0.5284437220642015,1.2799674928890694,1.4299065420560748
12 HK Equity,0.9921410365335599,0.022939677145284623,1.8141461342395921,0.45305862361937127,1.477697536108751,1.3018266779949024,0.4607051826677995,1.2100679694137637,1.2674171622769754
960 HK Equity,1.2955539358600583,1.2479956268221575,0.33782798833819244,1.3201530612244898,0.6838556851311953,0.8675291545189504,0.5920189504373178,1.1135204081632653,1.5415451895043732
1207 HK Equity,0.4077855775366943,1.6062539885130824,1.231014677728143,0.015315890236119975,0.7811104020421187,1.6139119336311423,0.5111678366305041,1.711550733886407,1.1218889597957882
405 HK Equity,1.587781350482315,0.5826366559485531,1.1768488745980707,1.22508038585209,0.4514469453376206,0.3839228295819936,1.6630225080385852,1.2790996784565916,0.6501607717041801
808 HK Equity,0.27624309392265195,1.5027624309392265,1.7900552486187846,0.143646408839779,0.46408839779005523,1.3038674033149171,1.6353591160220995,1.3867403314917126,0.4972375690607735
823 HK Equity,1.8270259152612094,0.29987659399424105,1.8011106540518305,0.807075277663513,1.216166186754422,0.21287535993418347,1.5197449609214315,0.5183052241875771,0.797819827231592
435 HK Equity,1.8428777670837344,1.6847930702598652,0.46342637151106836,0.4287776708373436,0.35081809432146294,0.8099133782483157,0.4764196342637151,0.9116939364773821,2.0312800769971124
813 HK Equity,1.140923076923077,0.947076923076923,0.4910769230769231,1.4695384615384615,0.5187692307692308,1.824,1.3753846153846154,0.7827692307692308,0.45046153846153847
878 HK Equity,1.1019990913221263,0.6174466151749205,1.189913675601999,0.5172648796001817,0.7810086324398001,2.024079963652885,0.022489777373920945,1.1122217174011813,1.633575647432985
2868 HK Equity,0.6723019461372125,1.6896009435816788,1.592294082956556,0.8598388047965402,0.6050717515234912,1.264989188126597,1.6506781993316297,0.2989974444662866,0.3662276390800079
817 HK Equity,0.7833827893175074,1.2974777448071217,1.4643916913946589,0.4495548961424332,0.6921364985163204,1.4154302670623145,0.30489614243323443,0.5140949554896143,2.078635014836795
1109 HK Equity,0.042007001166861145,2.397024504084014,1.1998249708284714,2.1371061843640606,0.31505250875145857,0.0026254375729288216,0.18903150525087514,1.1866977829638272,1.5306301050175029
17 HK Equity,0.7130692336171788,1.081266197704554,1.4294705664568679,1.4761199555720104,1.416142169566827,0.9046649389115142,0.36819696408737507,1.0179563124768605,0.5931136616068123
688 HK Equity,2.177760375880971,0.06108065779169929,0.7870007830853563,2.1848081440877056,1.0007830853563038,0.3007047768206735,1.8629600626468286,0.3735317149569303,0.2513703993735317
101 HK Equity,0.727884117951371,0.8908432488360062,1.5271598551474392,0.6394205897568547,1.463528194516296,1.2058975685463011,1.3083290222452146,0.586652871184687,0.6502845318158303
683 HK Equity,0.06809078771695594,0.9332443257676902,1.2416555407209613,1.3037383177570094,0.4766355140186916,1.0233644859813085,1.219626168224299,1.3077436582109478,1.4259012016021362
87 HK Equity,0.9235030335003956,0.09733579530466896,0.833289369559483,2.1841202848852546,0.2825112107623318,0.3656027433394883,0.46768662621999474,1.7449221841202849,2.101028752308098
1668 HK Equity,0.39914163090128757,1.2066217044757817,0.8516247700797057,1.3979153893316985,1.7437155119558554,0.05334150827713059,0.9840588595953402,0.8221949724095647,1.5413856529736358
1628 HK Equity,0.9040741539124811,1.7441258892002587,0.708126751455055,0.20758784220737228,1.5384781202845441,0.7896098297046777,1.7072644966587627,0.17654666954084933,1.2241862470359992
337 HK Equity,1.3195278525574654,0.31869952371091326,0.3205632636156554,1.796645268171464,1.3418927314143716,1.7425968109339407,0.32988196313936635,0.26465106647338993,1.5655415199834335
1966 HK Equity,1.1597619592584116,0.7539482719157702,1.341039139391165,1.3183794918745708,1.0650034332799267,0.968184939345388,0.5355916685740444,1.839551384756237,0.018539711604486152
2777 HK Equity,0.8292085273217349,1.528301886792453,1.9054153393776034,0.2668463611859838,0.5204606714040676,0.7586375888262681,0.6064690026954178,1.5194805194805194,1.065180102915952
87001 HK Equity,1.2744123829543283,1.0370724249952226,0.6363462640932543,1.148862984903497,1.4618765526466655,0.41964456334798395,1.7026562201414104,0.022358111981654882,1.2967704949359833
410 HK Equity,1.8161157024793388,0.5991735537190083,0.8347107438016529,1.853305785123967,1.6363636363636365,0.9070247933884298,0.5413223140495868,0.7871900826446281,0.024793388429752067
563 HK Equity,1.8617668532489657,0.3723533706497931,1.4697006570941835,1.0579216354344123,0.7819420783645656,1.2440983207593088,0.0,2.118033584813823,0.09418349963494768
2007 HK Equity,0.9004446640316206,1.3184288537549407,0.6025197628458498,0.8670948616600791,1.1850296442687747,0.35795454545454547,1.9809782608695652,0.5669466403162056,1.220602766798419
119 HK Equity,1.449554626431558,1.2810398109434649,0.6020723504817306,1.2843119432830394,0.5513542992183239,1.187784039265588,0.8605708053081258,1.3841119796400654,0.399200145428104
35 HK Equity,0.5261692650334076,2.2324610244988863,0.8969933184855234,0.3658129175946548,0.3983853006681514,0.8794543429844098,0.606347438752784,1.5810133630289531,1.5133630289532294
845 HK Equity,0.9249146757679181,1.627986348122867,1.372013651877133,1.5580204778156996,0.19795221843003413,0.4522184300341297,1.015358361774744,0.43856655290102387,1.4129692832764504
2778 HK Equity,1.5521532990912683,1.4881469774792573,1.2178980640063215,1.7388384037929672,1.0774397471355195,0.6169498222046622,0.1937969182141446,0.20446463848281313,0.9103121295930462
10 HK Equity,1.785179640718563,1.7267964071856288,1.0508982035928143,2.0995508982035926,0.3458083832335329,0.23353293413173654,0.9161676646706587,0.8241017964071856,0.017964071856287425
272 HK Equity,1.207107374856706,0.5880779518532671,1.284486052732136,1.4478410393580436,0.3903324417271685,1.6060374474589225,0.7187619411539932,0.07909820405043944,1.6782575468093237
3377 HK Equity,1.4782894736842105,1.8710526315789473,0.5052631578947369,0.7006578947368421,0.7578947368421053,1.5138157894736841,1.174342105263158,0.003947368421052632,0.9947368421052631
3883 HK Equity,1.4557749526643224,0.8909926967811739,1.8890992696781175,2.2396537733297266,0.11441709494184474,0.5039220989991885,0.6329456315931836,1.1709494184473899,0.10224506356505275
3383 HK Equity,0.9924363057324841,0.9530254777070064,0.29020700636942676,2.7551751592356686,0.25796178343949044,0.10390127388535032,0.11106687898089172,2.439888535031847,1.0963375796178343
1176 HK Equity,0.05214643139320516,0.4005794047932578,2.1759283644982883,1.573874111140374,1.0879641822491442,0.4859099288912299,0.5048722675796682,0.9030813800368712,1.8156439294179616
3333 HK Equity,1.1521739130434783,1.5144927536231885,0.012077294685990338,1.1570048309178744,2.0483091787439616,0.427536231884058,1.1618357487922706,1.0169082125603865,0.5096618357487923
83 HK Equity,1.843422849340009,1.0261720527992717,0.6964041875284479,1.81474738279472,0.9421939007737824,0.3727810650887574,1.1060537096040055,0.7660446062812927,0.43218024578971326
1813 HK Equity,0.480610298792117,1.1004450095359186,0.47870311506675145,1.2892561983471074,0.01144310235219326,1.0718372536554355,1.5181182453909727,1.3064208518753972,1.7431659249841067
778 HK Equity,0.9682397673898456,1.1816148512636995,1.5238201744576156,0.030194587340639678,1.87206441511966,1.032654887049877,0.5837620219190338,0.2234399463207336,1.584209349138895
1972 HK Equity,1.8193069306930694,0.2524752475247525,1.5272277227722773,0.844059405940594,0.19801980198019803,0.995049504950495,0.7004950495049505,0.349009900990099,2.3143564356435644
996 HK Equity,0.3299620733249052,0.870417193426043,1.38621997471555,0.8059418457648546,1.3407079646017699,0.14791403286978508,1.1586599241466498,1.7541087231352719,1.2060682680151706
488 HK Equity,1.084463386284386,1.4331654397520341,1.128051142967842,0.4376210771018985,0.679969004261914,0.9380085238279736,0.25629600929872143,1.7330492057342115,1.309376210771019
832 HK Equity,1.7510729613733906,0.5568669527896996,2.3530042918454934,0.4184549356223176,0.30257510729613735,0.6276824034334764,0.9624463519313304,1.1105150214592274,0.9173819742489271
81 HK Equity,1.6896469465648856,0.1717557251908397,0.7686068702290076,2.037452290076336,0.11164122137404581,1.6552958015267176,0.4014790076335878,1.0240935114503817,1.1400286259541985
1997 HK Equity,0.4497982967279247,0.2117884356790677,1.7870909905871806,0.9197669206633796,0.8955625280143433,1.7911250560286867,1.7003585835948005,0.8814432989690721,0.3630658897355446
604 HK Equity,1.839964827434601,0.47878654649373487,0.7063090789184436,1.6638821719059134,1.7054297647834689,0.013849197625851836,0.11672895141789404,1.0208837107056496,1.4541657507144428
754 HK Equity,0.4735441915459651,1.8675731599172332,0.8114099911321312,0.32190363582618975,1.5350280815843926,1.676027194797517,0.6384865503990541,0.6331658291457286,1.0428613656517884
123 HK Equity,1.3110132158590309,0.5022026431718062,0.24581497797356827,0.9277533039647577,0.7797356828193832,0.23524229074889869,0.24052863436123348,2.3629955947136563,2.394713656387665
4 HK Equity,1.0948861366360367,0.19776268477826608,1.2854574510587295,0.40990811026767876,1.2045545345585298,1.6468238114262885,0.7317219336795845,0.8108270075908909,1.6180583300039952
1098 HK Equity,0.05154076902099809,0.9080992637032997,1.9192800654485955,0.48104717752931553,1.9560949004635941,0.8442868830106354,0.3067902917916553,2.2997000272702484,0.23316062176165803
1528 HK Equity,0.34684684684684686,1.8063063063063063,1.722972972972973,1.7477477477477477,0.8828828828828829,0.25900900900900903,1.222972972972973,0.06981981981981981,0.9414414414414415
2669 HK Equity,1.2512303149606299,1.000984251968504,0.6820866141732284,0.7153051181102362,0.8968996062992126,1.873523622047244,1.4261811023622046,0.99876968503937,0.15501968503937008
2768 HK Equity,0.713911386374464,0.7246307765602668,1.020485945688423,2.0002382086707957,1.8608861362553597,1.3978084802286803,0.3987613149118628,0.3494521200571701,0.5338256312529777
3301 HK Equity,0.3446141945465094,1.1034616128408432,1.3070972732546897,0.6979307677431832,0.6561593502223941,1.0286211564494294,1.0843163798104816,1.2305163411332432,1.5472829239992265
163 HK Equity,1.1638087552955416,1.661287068791608,1.7193867258422433,0.5483155134153722,0.5682872705265282,0.3104700423643333,0.01089368569699415,1.4633851119628807,1.5541658261044986
16 HK Equity,0.7762578251796893,1.1998608856944122,1.521214931602133,0.031300718757245535,0.9473684210526315,0.7470438210062601,0.6176675168096453,1.1852538836076976,1.9740319962902853
20 HK Equity,0.8979357798165137,0.9928899082568807,1.114678899082569,1.6327981651376147,1.9238532110091744,0.2580275229357798,0.2043577981651376,1.4077981651376146,0.5676605504587156
127 HK Equity,0.7711348057882711,1.0024752475247525,0.7574257425742574,0.5295125666412795,0.1747905559786748,1.3023610053313024,1.693069306930693,1.651942117288652,1.1172886519421172
95 HK Equity,1.1428020069471247,1.3546893091470475,0.005210343496719413,0.8336549594751061,0.8406020841373987,1.2852180625241219,0.8128135854882285,1.7367811655731378,0.9882284832111154
607 HK Equity,0.7641685696491592,1.78804235001038,1.4872327174589994,1.3433672410213826,0.8501141789495537,0.560514843263442,1.1995017645837658,0.5997508822918829,0.4073074527714345
884 HK Equity,0.8379936581147305,0.5811473046987604,0.5837417123090227,0.17123090227731336,2.0028826751225135,1.8550014413375613,0.7471893917555491,1.1726722398385703,1.0481406745459787
1030 HK Equity,1.4748942431487952,1.4219238550671327,0.7780025749494206,0.08276623137759793,1.3954386610263012,0.6654405002758874,1.1090675004598125,0.5429464778370425,1.52951995585801
1113 HK Equity,1.9457221711131554,1.3764949402023918,0.018629254829806808,0.02276908923643054,1.283348666053358,1.5731370745170192,0.4905703771849126,0.6892824287028518,1.6000459981600736
3380 HK Equity,0.9077515865820489,0.26518585675430645,0.07955575702629193,0.9730281051677244,1.7624660018132365,2.023572076155938,1.7543064369900272,1.0709428830462375,0.1631912964641886
1622 HK Equity,0.6602459016393443,1.0051229508196722,1.0586065573770491,1.3204918032786885,1.185860655737705,1.1932377049180327,0.8538934426229509,0.3651639344262295,1.3573770491803279
2202 HK Equity,0.33349912956975875,0.3581198706789356,2.16662521760756,1.1482218353643372,0.9423029097239493,1.7010693857249441,0.1790599353394678,0.8550111912459587,1.3160905247450883
1778 HK Equity,0.11208267090620032,1.8672496025437202,0.9872813990461049,0.42686804451510335,0.6414944356120826,1.7050874403815581,2.186804451510334,0.03577106518282989,1.0373608903020668
728 HK Equity,0.856732839033724,0.8502750538148768,1.1774695049031332,1.7371442238698875,0.8459698636689787,0.3228892609423583,0.5704376943314996,1.9222674001435063,0.7168141592920354
215 HK Equity,0.7024647887323944,1.3705985915492958,1.2253521126760563,0.03169014084507042,1.573943661971831,2.0360915492957745,1.2464788732394365,0.2244718309859155,0.5889084507042254
8 HK Equity,0.7626796280642435,0.386094674556213,1.356086221470837,1.2666948436179206,0.8672865595942519,1.647083685545224,1.8391800507185123,0.7816990701606086,0.09319526627218935
552 HK Equity,0.7440448388603457,0.07146193367585241,0.4834189631013545,0.33629145259224663,0.09878561419897244,1.8475011676786548,2.053479682391406,1.67725361980383,1.6877627276973377
1883 HK Equity,1.388446904185403,0.22258734002075406,0.7985126253891387,0.9526115530958146,0.3268765133171913,1.309062608094085,1.2623659633344864,1.3759944655828433,1.3635420269802836
941 HK Equity,0.42902374670184695,0.9656992084432717,1.154089709762533,1.549868073878628,0.9815303430079155,0.2596306068601583,1.3393139841688655,0.9023746701846965,1.4184696569920845
762 HK Equity,0.2621980104216011,1.7650402652771198,2.033633349123638,1.6733775461866414,1.0360018948365703,1.4175746091899573,0.1833254381809569,0.3943628612032212,0.2344860255802937
315 HK Equity,0.5242718446601942,0.39029126213592236,0.341747572815534,1.5165048543689321,1.3281553398058252,1.6407766990291262,1.4446601941747572,1.741747572815534,0.07184466019417475
1310 HK Equity,1.3009356501814016,0.6135191903761695,0.6358602253198397,0.7166316593469544,0.4915027687607409,1.35592896696582,1.099866335688371,1.4745083062822226,1.31124689707848
816 HK Equity,1.937274368231047,0.6640342960288809,0.7005866425992779,1.8641696750902528,1.2488718411552346,0.29444945848375453,0.7351083032490975,0.8285198555956679,0.726985559566787
1363 HK Equity,0.7427184466019418,1.4854368932038835,0.5133495145631068,0.720873786407767,1.1730582524271844,1.166504854368932,2.153883495145631,0.9371359223300971,0.10703883495145632
916 HK Equity,0.6867469879518072,0.8726333907056799,1.3855421686746987,1.4251290877796903,0.9604130808950087,1.4096385542168675,1.2943201376936317,0.5094664371772806,0.45611015490533563
2380 HK Equity,1.1923150449244886,0.7174536417510993,1.539858535652839,0.11699483846300898,1.550181609634869,0.7570254253488816,0.8998279487669661,1.4366277958325369,0.7897151596253107
392 HK Equity,0.9105504587155964,1.2935779816513762,0.7637614678899083,1.286697247706422,1.3577981651376148,0.8119266055045872,0.25229357798165136,0.8899082568807339,1.43348623853211
686 HK Equity,1.2057527856957762,2.1666234775848667,0.6040424980564914,1.3760041461518528,2.0873283233998445,0.4407877688520342,0.5294117647058824,0.05597305001295672,0.5340761855402955
6 HK Equity,0.7562485122589859,0.19281123542013806,0.2935015472506546,0.9276362770768865,1.3732444656034277,1.274696500833135,0.45203522970721255,1.7117353011187812,2.018090930730778
836 HK Equity,0.5304424778761062,1.4543362831858406,0.767787610619469,0.5989380530973452,1.5801769911504424,1.1198230088495575,0.5846017699115045,1.4750442477876107,0.8888495575221239
1083 HK Equity,1.3463731079221546,0.8492235109101631,0.7678395911146059,1.3127580106152938,1.3392962453312365,0.1857676430115982,0.5077648908983684,1.2490662472970318,1.4419107528995478
6828 HK Equity,1.6609659838376245,1.351437699680511,1.5747040030069537,0.5277203533170457,1.2431873707949634,0.9911670738582973,0.5327945874835557,1.1044916369103552,0.01353129111069348
579 HK Equity,0.4730933713471133,1.5812544547398433,1.5347469707769066,0.11707056307911617,1.1177833214540271,0.6318602993585175,0.9189237348538846,1.1209907341411263,1.5042765502494655
958 HK Equity,0.910704483074108,0.5994510521500458,0.4232387923147301,1.508508691674291,1.0408051235132663,1.5249771271729187,0.7032021957913999,0.9979871912168344,1.2911253430924061
2 HK Equity,0.9781832606108687,0.42126140420468067,1.0049583498611663,0.8800079333597779,1.2030940103133676,0.9710432368107894,1.1620388734629115,1.2994843316144387,1.0799285997619992
451 HK Equity,0.45706134094151213,1.2504992867332383,0.22082738944365193,1.7255349500713266,0.559771754636234,2.305848787446505,0.18744650499286733,1.7152639087018544,0.5777460770328102
2688 HK Equity,0.1704424778761062,0.5304424778761062,1.4543362831858406,1.5307964601769912,0.21026548672566372,1.392212389380531,1.1405309734513274,1.2345132743362832,1.3364601769911504
855 HK Equity,1.906614785992218,0.6867704280155642,1.0875486381322956,0.1556420233463035,1.745136186770428,0.5175097276264592,0.8638132295719845,0.7937743190661478,1.2431906614785992
902 HK Equity,1.151579506238386,1.177860366339262,0.542341385718078,1.1491903371383063,0.28670029200955666,0.5447305548181577,1.8086010087602866,2.1000796389700027,0.2389169100079639
371 HK Equity,0.4358538657604078,0.7442650807136788,0.7595581988105352,1.59303313508921,1.9498725573491928,1.3483432455395072,1.157179269328802,0.6448598130841121,0.36703483432455397
1193 HK Equity,0.5729492798998121,0.5597996242955542,1.4427050720100187,1.7244834063869756,1.747025673137132,1.585472761427677,0.5898559799624296,0.10707576706324358,0.6706324358171571
735 HK Equity,0.6172221151993835,1.1702947408977076,1.7112309766904257,0.23579271816605663,0.8131381236755924,0.596416875361202,1.6349450972837603,1.0593334617607397,1.161625890965132
991 HK Equity,1.3613751263902931,1.4068756319514661,0.2875631951466127,0.9300303336703741,1.7017189079878665,0.34580384226491406,0.4295247724974722,1.3395348837209302,1.1975733063700709
882 HK Equity,0.9601174455590898,0.3699535111328603,2.0413506239295325,1.680205529728407,0.49987766087594815,0.7068754587717152,1.2133594323464645,0.7927575238561292,0.7355028137998532
1257 HK Equity,0.9566340653257058,1.6242849234176047,0.4999077320538845,1.3751614689057021,0.5895921756781694,1.317032662852925,1.4532201513194316,1.0496401550101495,0.13452666543642738
603 HK Equity,1.0276748747003706,1.3571584223142297,0.19808237088690347,1.404227500544781,1.702331662671606,0.5667901503595555,1.0590542601874047,1.474831117890608,0.2098496404445413
3 HK Equity,0.8508038585209003,0.06655948553054662,2.22540192926045,1.7392282958199357,0.6482315112540193,1.9331189710610932,0.005787781350482315,0.7639871382636656,0.7668810289389068
270 HK Equity,0.7033182799921461,1.6593363440015707,1.3836638523463578,0.1272334576870214,0.12193206361672884,0.9825250343608875,1.3076772040054978,1.6151580600824662,1.0991557039073239
384 HK Equity,1.8513323983169705,0.5112201963534362,0.3997194950911641,1.8870967741935485,0.5974754558204769,0.0967741935483871,1.8828892005610098,0.12833099579242638,1.6451612903225807
1071 HK Equity,1.438644531918535,1.0797535512579155,0.623823378401506,1.4863939756974156,0.21718295396200582,1.021221975012836,1.1074790347424268,1.2075988362142736,0.8179017627930858
1038 HK Equity,0.8360049321824907,0.37361282367447596,0.35511713933415534,0.20715166461159062,1.8347718865598026,0.9765721331689272,0.4808877928483354,2.2786683107274968,1.657213316892725
1816 HK Equity,1.4894637656330307,1.506424533150591,0.1603563474387528,1.1255782079835532,1.1841699503169436,1.3399006338872708,1.369196505053966,0.3130032550967963,0.5119068014390954
1811 HK Equity,1.6261622992392224,0.7931107354184277,0.9034234995773457,1.5729078613693999,0.030431107354184278,0.013313609467455622,1.6090448013524936,0.6904057480980558,1.7612003381234151
1381 HK Equity,0.23848726524311809,1.7481348083354773,0.8474401852328274,1.1808592745047595,0.6575765371751994,2.220478518137381,1.6439413429379985,0.16670954463596604,0.29637252379727297
6136 HK Equity,1.560120240480962,0.6114228456913827,0.9486973947895792,0.9468937875751503,0.23627254509018036,0.3697394789579158,1.3761523046092183,1.506012024048096,1.444689378757515
